yearID,teamID,W,L,R,RA,H,HR,BB,SO,HA,HRA,BBA,SOA,RunDiff,PythagWinPct,WinPct,Win_Season
1871,BS1,20,10,401,303,426,3,60,19.0,367,2,42,23,98,0.6254669352821308,0.6666666666666666,1
1871,CH1,19,9,302,241,323,10,60,22.0,308,6,28,22,61,0.601783771912547,0.6785714285714286,1
1871,CL1,10,19,249,341,328,7,26,25.0,346,13,53,34,-92,0.35999032602285264,0.3448275862068966,0
1871,FW1,7,12,137,243,178,2,33,9.0,261,5,21,17,-106,0.25946763854480026,0.3684210526315789,0
1871,NY2,16,17,302,313,403,1,33,15.0,373,7,42,22,-11,0.4836382447413915,0.48484848484848486,0
1871,PH1,21,7,376,266,410,9,46,23.0,329,3,53,16,110,0.6532486504545656,0.75,1
1871,RC1,4,21,231,287,274,3,38,30.0,315,3,34,16,-56,0.401978513773164,0.16,0
1871,TRO,13,15,351,362,384,6,49,19.0,431,4,75,12,-11,0.48588622071503257,0.4642857142857143,0
1871,WS3,15,15,310,303,375,6,48,13.0,371,4,45,13,7,0.5104475466943029,0.5,0
1872,BL1,35,19,617,434,747,14,27,28.0,566,3,63,0,183,0.6556207140118033,0.6481481481481481,1
1872,BR1,3,26,152,413,235,0,14,29.0,503,6,24,0,-261,0.13833268069906055,0.10344827586206896,0
1872,BR2,9,28,237,473,370,0,19,24.0,561,6,19,0,-236,0.22018398820830762,0.24324324324324326,0
1872,BS1,39,8,521,236,677,7,28,26.0,438,0,27,0,285,0.8098768799072481,0.8297872340425532,1
1872,CL1,6,16,174,254,272,0,17,13.0,289,6,24,0,-80,0.33353262298694153,0.2727272727272727,0
1872,MID,5,19,220,348,305,1,5,12.0,368,5,13,0,-128,0.30170495841942685,0.20833333333333334,0
1872,NY2,34,20,523,362,668,4,55,52.0,618,2,32,0,161,0.6622473204329618,0.6296296296296297,1
1872,PH1,30,14,539,349,678,4,69,47.0,513,3,26,0,190,0.6889891827282997,0.6818181818181818,1
1872,TRO,15,10,273,191,329,5,7,14.0,282,2,10,0,82,0.6578376895098015,0.6,1
1872,WS3,2,7,54,140,93,0,4,4.0,147,0,5,0,-86,0.14888604296415744,0.2222222222222222,0
1872,WS4,0,11,80,190,105,0,1,3.0,194,2,3,0,-110,0.17037875857922016,0.0,0
1873,BL1,34,22,644,451,810,12,40,25.0,680,4,42,34,193,0.6574392696772059,0.6071428571428571,1
1873,BL4,0,6,26,152,33,0,0,0.0,144,4,0,0,-126,0.03800159396034473,0.0,0
1873,BR2,17,37,366,549,588,6,53,43.0,737,8,42,15,-183,0.322566702912462,0.3148148148148148,0
1873,BS1,43,16,739,460,930,13,62,24.0,708,5,35,31,279,0.7042357982405866,0.7288135593220338,1
1873,ELI,2,21,98,299,204,0,8,22.0,342,7,9,8,-201,0.11493226201238911,0.08695652173913043,0
1873,NY2,29,24,424,385,622,5,42,22.0,539,5,69,76,39,0.5440298875810938,0.5471698113207547,1
1873,PH1,28,23,474,403,683,4,35,32.0,553,4,58,41,71,0.573698092978216,0.5490196078431373,1
1873,PH2,36,17,526,396,645,8,62,39.0,627,3,44,28,130,0.6270339321215505,0.6792452830188679,1
1873,WS5,8,31,283,485,408,3,19,33.0,593,11,22,7,-202,0.2717375763119123,0.20512820512820512,0
1874,BL1,9,38,227,505,435,1,24,0.0,643,4,37,0,-278,0.1879656523306803,0.19148936170212766,0
1874,BR2,22,33,301,449,497,1,32,0.0,621,16,13,0,-148,0.3247910600788094,0.4,0
1874,BS1,52,18,735,415,981,18,32,0.0,777,1,27,0,320,0.7400086129540916,0.7428571428571429,1
1874,CH2,28,31,418,480,690,3,34,0.0,696,7,48,0,-62,0.4370612342435064,0.4745762711864407,0
1874,HR1,16,37,371,471,587,2,26,0.0,660,2,23,0,-100,0.39251790739270137,0.3018867924528302,0
1874,NY2,42,23,500,377,709,8,38,0.0,658,3,40,0,123,0.6263814391566452,0.6461538461538462,1
1874,PH1,33,22,441,344,646,6,24,0.0,514,5,29,0,97,0.6117271151887694,0.6,1
1874,PH2,29,29,476,428,690,3,28,0.0,666,4,21,0,48,0.5484770475246128,0.5,0
1875,BR2,2,42,132,438,304,2,10,0.0,531,9,22,0,-306,0.10020642318754992,0.045454545454545456,0
1875,BS1,71,8,831,343,1124,14,31,0.0,751,2,29,0,488,0.8347076481721457,0.8987341772151899,1
1875,CH2,30,37,379,416,697,0,24,0.0,652,0,28,0,-37,0.45748720060731257,0.44776119402985076,0
1875,HR1,54,28,557,343,873,2,40,0.0,706,4,16,0,214,0.7083218620453126,0.6585365853658537,1
1875,KEO,1,12,45,88,81,0,1,0.0,110,0,14,0,-43,0.22664837619154538,0.07692307692307693,0
1875,NH1,7,40,170,397,374,2,13,0.0,500,5,22,0,-227,0.17478428710501842,0.14893617021276595,0
1875,NY2,30,38,328,425,626,7,21,0.0,716,3,24,0,-97,0.3836443319073331,0.4411764705882353,0
1875,PH1,53,20,699,402,940,10,40,0.0,775,4,40,0,297,0.7334804873741385,0.726027397260274,1
1875,PH2,37,31,470,376,681,5,22,0.0,650,6,30,0,94,0.6006928212514088,0.5441176470588235,1
1875,PH3,2,12,70,138,126,0,8,0.0,170,0,3,0,-68,0.22406580228926634,0.14285714285714285,0
1875,SL1,4,15,60,161,138,0,14,0.0,207,0,3,0,-101,0.14108354343919463,0.21052631578947367,0
1875,SL2,39,29,386,369,641,0,33,0.0,634,3,20,0,17,0.5205944736356708,0.5735294117647058,1
1875,WS6,5,23,107,338,194,0,5,0.0,397,6,11,0,-231,0.10862174758284242,0.17857142857142858,0
1876,BSN,39,31,471,450,723,9,58,98.0,732,7,104,77,21,0.5208547027939051,0.5571428571428572,1
1876,CHN,52,14,624,257,926,8,70,45.0,608,6,29,51,367,0.8352560588903701,0.7878787878787878,1
1876,CN1,9,56,238,579,555,4,41,136.0,850,9,34,60,-341,0.16425160152992427,0.13846153846153847,0
1876,HAR,47,21,429,261,711,2,39,78.0,570,2,27,114,168,0.7128761027903743,0.6911764705882353,1
1876,LS1,30,36,280,344,641,6,24,98.0,605,3,38,125,-64,0.406920828273212,0.45454545454545453,0
1876,NY3,21,35,260,412,494,2,18,35.0,718,8,24,37,-152,0.30102422440911075,0.375,0
1876,PHN,14,45,378,534,646,7,27,36.0,783,2,41,22,-156,0.3469964520503063,0.23728813559322035,0
1876,SL3,45,19,386,229,642,2,59,63.0,472,3,39,103,157,0.7222141321752868,0.703125,1
1877,BSN,42,18,419,263,700,4,65,121.0,557,5,38,177,156,0.7010414132160878,0.7,1
1877,CHN,26,33,366,375,633,0,57,111.0,630,7,58,92,-9,0.4888879231584405,0.4406779661016949,0
1877,CN1,15,42,291,485,545,6,78,110.0,747,4,61,85,-194,0.2819497090251592,0.2631578947368421,0
1877,HAR,31,27,341,311,637,4,30,97.0,572,2,56,99,30,0.5420315473542706,0.5344827586206896,1
1877,LS1,35,25,339,288,659,9,58,140.0,617,4,41,141,51,0.5740421719797698,0.5833333333333334,1
1877,SL3,28,32,284,318,531,1,57,147.0,582,2,92,132,-34,0.44845102132694004,0.4666666666666667,0
1878,BSN,41,19,298,241,535,2,35,154.0,595,6,38,184,57,0.5959222009785132,0.6833333333333333,1
1878,CHN,30,30,371,331,677,3,88,157.0,577,4,35,175,40,0.5520045338635327,0.5,0
1878,CN1,37,23,333,281,629,5,58,141.0,546,2,63,220,52,0.5770589723923335,0.6166666666666667,1
1878,IN1,24,36,293,328,542,3,64,197.0,621,3,87,182,-35,0.4485579118193286,0.4,0
1878,ML2,15,45,256,386,552,2,69,214.0,589,3,55,147,-130,0.3204928774478195,0.25,0
1878,PRO,33,27,353,337,604,8,50,218.0,609,5,86,173,16,0.5212084622724308,0.55,1
1879,BFN,46,32,394,365,733,2,78,314.0,698,3,47,198,29,0.5349205567099914,0.5897435897435898,1
1879,BSN,54,30,562,348,883,20,90,222.0,757,9,46,230,214,0.706224612429893,0.6428571428571429,1
1879,CHN,46,33,437,411,808,3,73,294.0,762,5,57,211,26,0.5280336107318161,0.5822784810126582,1
1879,CL2,27,55,322,461,666,4,37,214.0,818,4,116,287,-139,0.3414837531812436,0.32926829268292684,0
1879,CN1,43,37,485,464,813,8,66,207.0,756,11,81,246,21,0.5202398690002373,0.5375,1
1879,PRO,59,25,612,355,1003,12,91,172.0,765,9,62,329,257,0.7303983403930195,0.7023809523809523,1
1879,SR1,22,48,276,462,592,5,28,238.0,775,4,52,132,-186,0.28034515666582793,0.3142857142857143,0
1879,TRN,19,56,321,543,673,4,45,182.0,840,13,47,210,-222,0.27648338133333483,0.25333333333333335,0
1880,BFN,24,58,331,502,669,3,90,327.0,879,10,78,186,-171,0.31817714525561724,0.2926829268292683,0
1880,BSN,40,44,416,456,779,20,105,221.0,840,2,86,187,-40,0.45809656592467973,0.47619047619047616,0
1880,CHN,67,17,538,317,876,4,104,217.0,622,8,129,367,221,0.7247188642455528,0.7976190476190477,1
1880,CL2,47,37,387,337,726,7,76,237.0,685,4,98,289,50,0.5629554660743253,0.5595238095238095,1
1880,CN1,21,59,296,472,649,7,75,267.0,785,10,88,208,-176,0.2986125057779494,0.2625,0
1880,PRO,52,32,419,299,793,8,89,186.0,663,7,51,286,120,0.649647938497973,0.6190476190476191,1
1880,TRN,41,42,392,438,755,5,120,260.0,763,8,113,173,-46,0.4494108363423881,0.4939759036144578,0
1880,WOR,40,43,412,370,699,8,81,278.0,709,13,97,297,42,0.549032466701644,0.4819277108433735,0
1881,BFN,45,38,440,447,797,12,108,270.0,881,9,89,185,-7,0.49277938254098125,0.5421686746987951,1
1881,BSN,38,45,349,410,733,5,110,193.0,763,9,143,199,-61,0.42683258462064494,0.4578313253012048,0
1881,CHN,56,28,550,379,918,12,140,224.0,722,14,122,228,171,0.6640642965017209,0.6666666666666666,1
1881,CL2,36,48,392,414,796,7,132,224.0,737,9,126,240,-22,0.47503937479034875,0.42857142857142855,0
1881,DTN,41,43,439,429,780,17,136,250.0,785,8,137,265,10,0.5105403792800365,0.4880952380952381,0
1881,PRO,47,37,447,426,780,11,146,214.0,756,5,138,264,21,0.5220003416070307,0.5595238095238095,1
1881,TRN,39,45,399,429,754,5,140,240.0,813,11,159,207,-30,0.4668818681359969,0.4642857142857143,0
1881,WOR,32,50,410,492,781,7,121,169.0,882,11,120,196,-82,0.4173531650396507,0.3902439024390244,0
1882,BL2,19,54,273,515,535,4,72,215.0,760,15,108,113,-242,0.23839627888342851,0.2602739726027397,0
1882,CN2,55,25,489,268,795,5,102,204.0,609,7,125,165,221,0.7503569972696803,0.6875,1
1882,LS2,42,38,443,352,728,9,128,193.0,637,6,112,240,91,0.6036717069184642,0.525,1
1882,PH4,41,34,406,389,660,5,125,164.0,682,13,99,190,17,0.5195590350780372,0.5466666666666666,1
1882,PT1,39,39,428,418,730,18,90,183.0,694,4,82,252,10,0.51081441977243,0.5,0
1882,SL4,37,43,399,496,663,11,112,226.0,729,7,103,225,-97,0.4017365813052489,0.4625,0
1882,BFN,45,39,500,461,858,18,116,228.0,778,16,114,287,39,0.5370853691049127,0.5357142857142857,1
1882,BSN,45,39,472,414,823,15,134,244.0,738,10,77,352,58,0.5596980774011692,0.5357142857142857,1
1882,CHN,55,29,604,353,892,15,142,262.0,667,13,102,279,251,0.7276841004036024,0.6547619047619048,1
1882,CL2,42,40,402,411,716,20,122,261.0,743,22,132,232,-9,0.48987182051744954,0.5121951219512195,1
1882,DTN,42,41,407,488,724,19,122,308.0,808,19,129,354,-81,0.41771781500176325,0.5060240963855421,1
1882,PRO,52,32,463,356,776,11,102,255.0,690,12,87,273,107,0.6179644516740873,0.6190476190476191,1
1882,TRN,35,48,430,522,747,12,109,298.0,837,13,168,189,-92,0.41221776771319446,0.42168674698795183,0
1882,WOR,18,66,379,652,689,16,113,303.0,964,21,151,195,-273,0.27036129496328926,0.21428571428571427,0
1883,BL2,28,68,471,742,870,5,162,331.0,943,12,190,290,-271,0.30328176103606425,0.2916666666666667,0
1883,CL5,32,65,476,659,854,15,134,410.0,980,16,211,222,-183,0.3554175620154616,0.32989690721649484,0
1883,CN2,61,37,662,413,961,34,139,261.0,766,17,168,215,249,0.7033761285768474,0.6224489795918368,1
1883,LS2,52,45,564,562,891,14,140,305.0,987,7,110,269,2,0.5016252180103048,0.5360824742268041,1
1883,NY4,54,42,498,405,883,6,142,259.0,749,12,123,480,93,0.5934593529991546,0.5625,1
1883,PH4,66,32,720,547,972,20,194,268.0,921,22,95,347,173,0.6231378776853201,0.673469387755102,1
1883,PT1,31,67,525,728,892,13,162,345.0,1140,21,151,271,-203,0.3547482660433528,0.3163265306122449,0
1883,SL4,65,33,549,409,892,7,125,240.0,729,7,150,325,140,0.6315149355792882,0.6632653061224489,1
1883,BFN,52,45,614,576,1058,8,147,342.0,971,12,101,362,38,0.5291951771474614,0.5360824742268041,1
1883,BSN,63,35,669,456,1010,34,123,423.0,853,11,90,538,213,0.6685031915221952,0.6428571428571429,1
1883,CHN,59,39,679,540,1000,13,129,399.0,942,21,123,299,139,0.6032834574811534,0.6020408163265306,1
1883,CL2,55,42,476,443,852,8,139,374.0,818,7,217,402,33,0.5328232261333832,0.5670103092783505,1
1883,DTN,40,58,524,650,931,13,166,378.0,1026,22,184,324,-126,0.40267546352592337,0.40816326530612246,0
1883,NY1,46,50,530,577,900,24,127,297.0,907,19,170,323,-47,0.46120651812106583,0.4791666666666667,0
1883,PHI,17,81,437,887,859,3,141,355.0,1267,20,125,253,-450,0.2149269495316497,0.17346938775510204,0
1883,PRO,58,40,636,436,1001,21,149,309.0,827,12,111,376,200,0.6661733477524895,0.5918367346938775,1
1884,BL2,63,43,636,515,896,32,211,545.0,869,16,219,635,121,0.59536468827721,0.5943396226415094,1
1884,BR3,40,64,476,644,845,16,179,417.0,996,20,163,378,-168,0.3651283317669799,0.38461538461538464,0
1884,CL5,69,39,585,459,901,40,196,404.0,815,22,172,526,126,0.6091850238073492,0.6388888888888888,1
1884,CN2,68,41,754,512,1037,36,154,404.0,956,27,181,308,242,0.6700329235450689,0.6238532110091743,1
1884,IN2,29,78,462,755,890,20,125,560.0,1001,30,199,479,-293,0.28929515953668256,0.27102803738317754,0
1884,LS2,68,40,573,425,1004,17,146,408.0,836,9,97,470,148,0.6333923102274515,0.6296296296296297,1
1884,NY4,75,32,734,423,1052,22,203,315.0,800,15,119,611,311,0.732742246145861,0.7009345794392523,1
1884,PH4,61,46,700,546,1057,26,153,425.0,920,16,127,530,154,0.6117523863325485,0.5700934579439252,1
1884,PT1,30,78,406,725,777,2,143,411.0,1059,25,216,338,-319,0.25710544077041525,0.2777777777777778,0
1884,RIC,12,30,194,294,325,7,53,284.0,402,14,52,167,-100,0.3184789963373753,0.2857142857142857,0
1884,SL4,67,40,658,539,986,11,174,339.0,881,16,172,477,119,0.590266100481558,0.6261682242990654,1
1884,TL1,46,58,463,571,859,8,157,541.0,885,12,169,501,-108,0.40523921281530734,0.4423076923076923,0
1884,WS7,12,51,248,481,434,6,102,377.0,643,21,110,235,-233,0.22930097269580807,0.19047619047619047,0
1884,BFN,64,47,700,626,1099,39,215,458.0,1041,46,189,534,74,0.550939117460914,0.5765765765765766,1
1884,BSN,73,38,684,468,1063,36,207,660.0,932,30,135,742,216,0.6669596749218851,0.6576576576576577,1
1884,CHN,62,50,834,647,1176,142,264,469.0,1028,83,231,472,187,0.6141080323487524,0.5535714285714286,1
1884,CL2,35,77,458,716,934,16,170,576.0,1046,35,269,482,-258,0.3062597317730678,0.3125,0
1884,DTN,28,84,445,736,825,31,207,699.0,1097,36,245,488,-291,0.28479997217850456,0.25,0
1884,NY1,62,50,693,623,1053,23,249,492.0,1011,28,326,567,70,0.5485626200059714,0.5535714285714286,1
1884,PHI,39,73,549,824,934,14,209,512.0,1090,38,254,411,-275,0.3223240273060335,0.3482142857142857,0
1884,PRO,84,28,665,388,987,21,300,469.0,825,26,172,639,277,0.7282912888976758,0.75,1
1884,ALT,6,19,90,216,223,2,22,130.0,292,3,52,93,-126,0.1676872283608298,0.24,0
1884,BLU,58,47,662,627,952,17,144,652.0,1002,24,177,628,35,0.5248305067767967,0.5523809523809524,1
1884,BSU,58,51,636,558,928,19,128,787.0,885,17,110,753,78,0.559574771427238,0.5321100917431193,1
1884,CHU,41,50,438,482,742,10,119,505.0,743,12,137,679,-44,0.4563173697227702,0.45054945054945056,0
1884,CNU,69,36,703,466,1027,26,147,482.0,831,17,90,503,237,0.6797108708913716,0.6571428571428571,1
1884,KCU,16,63,311,618,557,6,123,529.0,862,14,127,334,-307,0.22155062391745303,0.20253164556962025,0
1884,MLU,8,4,53,34,88,0,20,70.0,49,1,13,139,19,0.692619510481088,0.6666666666666666,1
1884,PHU,21,46,414,545,618,7,103,405.0,726,7,105,310,-131,0.37681166595090204,0.31343283582089554,0
1884,SLU,94,19,887,429,1251,32,181,542.0,838,9,110,550,458,0.7907231940234741,0.831858407079646,1
1884,SPU,2,6,24,57,49,0,7,47.0,72,1,27,44,-33,0.17037875857922016,0.25,0
1884,WIL,2,16,35,114,91,2,22,123.0,165,4,18,113,-79,0.10331183617294915,0.1111111111111111,0
1884,WSU,47,65,572,679,931,4,118,558.0,992,16,168,684,-107,0.4221844712326949,0.41964285714285715,0
1885,BL2,41,68,541,683,837,17,279,529.0,1059,12,222,395,-142,0.3949556424217611,0.3761467889908257,0
1885,BR3,53,59,624,650,966,14,238,324.0,955,27,211,436,-26,0.48133261815993034,0.4732142857142857,0
1885,CN2,63,49,642,575,1046,26,153,420.0,998,24,250,330,67,0.5502545964758044,0.5625,1
1885,LS2,53,59,564,598,986,19,152,448.0,927,13,217,462,-34,0.47324512975907806,0.4732142857142857,0
1885,NY4,44,64,526,688,921,21,217,428.0,1015,36,204,408,-162,0.3795797493424711,0.4074074074074074,0
1885,PH4,55,57,764,691,1099,30,223,410.0,1038,11,212,506,73,0.5458169064114514,0.49107142857142855,0
1885,PT1,56,55,547,539,955,5,189,537.0,918,14,201,454,8,0.506740045121776,0.5045045045045045,1
1885,SL4,79,33,677,461,979,17,234,282.0,879,12,168,378,216,0.6689013029617614,0.7053571428571429,1
1885,BFN,38,74,495,761,980,23,179,380.0,1175,31,234,320,-266,0.3128049488737494,0.3392857142857143,0
1885,BSN,46,66,528,589,915,22,190,522.0,1045,26,188,480,-61,0.45014775660013395,0.4107142857142857,0
1885,CHN,87,25,834,470,1079,54,340,429.0,868,37,202,458,364,0.7406800830034712,0.7767857142857143,1
1885,DTN,41,67,514,582,917,25,216,451.0,966,18,224,475,-68,0.4434005450115057,0.37962962962962965,0
1885,NY1,85,27,691,370,1085,16,221,312.0,758,11,265,516,321,0.7582456675033672,0.7589285714285714,1
1885,PHI,56,54,513,511,891,20,220,401.0,860,18,218,378,2,0.501787104037311,0.509090909090909,1
1885,PRO,53,57,442,531,820,6,265,430.0,912,18,235,371,-89,0.41685014186744235,0.4818181818181818,0
1885,SL5,36,72,390,593,829,8,214,412.0,935,15,278,337,-203,0.3171593449942241,0.3333333333333333,0
1886,BL2,48,83,625,878,945,8,379,603.0,1197,25,403,805,-253,0.3493249584725591,0.366412213740458,0
1886,BR3,76,61,832,832,1261,16,433,523.0,1202,17,464,540,0,0.5,0.5547445255474452,1
1886,CN2,65,73,883,865,1225,45,374,633.0,1267,25,481,495,18,0.5094214145860195,0.47101449275362317,0
1886,LS2,66,70,833,805,1294,20,410,558.0,1109,16,432,720,28,0.5156374479492151,0.4852941176470588,0
1886,NY4,53,82,628,766,1047,18,330,578.0,1148,23,386,559,-138,0.4101089830793942,0.3925925925925926,0
1886,PH4,63,72,772,942,1142,21,378,697.0,1308,35,388,513,-170,0.4099413287437437,0.4666666666666667,0
1886,PT1,80,57,810,647,1171,16,478,713.0,1130,10,299,515,163,0.6013705362522567,0.583941605839416,1
1886,SL4,93,46,944,592,1365,20,400,425.0,1087,13,329,583,352,0.7013874942220505,0.6690647482014388,1
1886,BSN,56,61,657,661,1085,24,250,537.0,1049,33,298,511,-4,0.4972230852764227,0.47863247863247865,0
1886,CHN,90,34,900,555,1223,53,460,513.0,988,49,262,647,345,0.7077891832678344,0.7258064516129032,1
1886,DTN,87,36,829,538,1260,53,374,426.0,995,20,270,592,291,0.6880935970834151,0.7073170731707317,1
1886,KCN,30,91,494,872,967,19,269,608.0,1345,27,246,442,-378,0.2611683923167295,0.24793388429752067,0
1886,NY1,75,44,692,558,1156,21,237,410.0,1029,23,280,588,134,0.5972128677421346,0.6302521008403361,1
1886,PHI,71,43,621,498,976,26,282,516.0,923,29,264,540,123,0.5996333754841738,0.6228070175438597,1
1886,SL5,43,79,547,712,1001,30,235,656.0,1050,34,392,501,-165,0.381675820946891,0.3524590163934426,0
1886,WS8,28,92,445,791,856,23,265,582.0,1147,34,379,500,-346,0.2587147607247264,0.23333333333333334,0
1887,BL2,77,58,975,861,1337,31,469,334.0,1288,16,418,470,114,0.5566427143476127,0.5703703703703704,1
1887,BR3,60,74,904,918,1281,25,456,365.0,1348,27,454,332,-14,0.4929695895452292,0.44776119402985076,0
1887,CL3,39,92,729,1112,1170,14,375,463.0,1472,34,533,332,-383,0.3158948153156674,0.29770992366412213,0
1887,CN2,81,54,892,745,1285,37,382,366.0,1202,28,396,330,147,0.5816498572766687,0.6,1
1887,LS2,76,60,956,854,1420,27,436,356.0,1274,31,357,544,102,0.5514356241786628,0.5588235294117647,1
1887,NY4,44,89,754,1093,1197,21,439,463.0,1545,39,406,316,-339,0.33638203881409556,0.3308270676691729,0
1887,PH4,64,69,893,890,1370,29,321,388.0,1227,29,433,417,3,0.5015395366884493,0.48120300751879697,0
1887,SL4,95,40,1131,761,1550,39,442,340.0,1254,19,323,334,370,0.673726913455677,0.7037037037037037,1
1887,BSN,61,60,831,792,1255,53,340,392.0,1226,55,396,254,39,0.5219771248694187,0.5041322314049587,1
1887,CHN,71,50,813,716,1177,80,407,400.0,1156,55,338,510,97,0.5578653681561374,0.5867768595041323,1
1887,DTN,79,45,969,714,1404,55,352,258.0,1172,52,344,337,255,0.6361860447377881,0.6370967741935484,1
1887,IN3,37,89,628,965,1080,33,300,379.0,1289,60,431,245,-337,0.3129968134361984,0.29365079365079366,0
1887,NY1,68,55,816,723,1259,48,361,326.0,1096,27,373,415,93,0.5551347359937846,0.5528455284552846,1
1887,PHI,75,48,901,702,1269,47,385,346.0,1173,48,305,435,199,0.6122349483286131,0.6097560975609756,1
1887,PIT,55,69,621,750,1141,20,319,381.0,1287,39,246,248,-129,0.4144988157837576,0.4435483870967742,0
1887,WS8,46,76,601,818,1039,47,269,339.0,1216,47,299,396,-217,0.362592548194001,0.3770491803278688,0
1888,BL2,57,80,653,779,1068,19,298,479.0,1162,23,419,525,-126,0.41997547574207106,0.41605839416058393,0
1888,BR3,88,52,758,584,1177,25,353,439.0,1059,15,285,577,174,0.6170939912610243,0.6285714285714286,1
1888,CL3,50,82,651,839,1076,12,315,559.0,1235,38,389,500,-188,0.3859726527263044,0.3787878787878788,0
1888,CN2,80,54,745,628,1161,32,345,555.0,1103,19,310,539,117,0.5775306500498179,0.5970149253731343,1
1888,KC2,43,89,579,896,1000,19,288,604.0,1306,32,401,381,-317,0.31022932145499016,0.32575757575757575,0
1888,LS2,48,87,689,870,1177,14,322,604.0,1264,28,281,599,-181,0.3948785215782861,0.35555555555555557,0
1888,PH4,81,52,827,594,1209,31,303,473.0,988,14,324,596,233,0.6469349514957031,0.6090225563909775,1
1888,SL4,92,43,789,501,1189,36,410,521.0,939,19,225,517,288,0.6965902591041708,0.6814814814814815,1
1888,BSN,70,64,669,619,1183,56,282,524.0,1104,36,269,484,50,0.5354783221114887,0.5223880597014925,1
1888,CHN,77,58,734,659,1201,77,290,563.0,1139,63,308,588,75,0.5491526035792038,0.5703703703703704,1
1888,DTN,68,63,721,629,1275,51,307,396.0,1115,44,183,522,92,0.5621295924583414,0.5190839694656488,1
1888,IN3,50,85,603,731,1100,34,236,492.0,1260,64,308,388,-128,0.41283250614182637,0.37037037037037035,0
1888,NY1,84,47,659,479,1149,55,270,456.0,907,27,307,726,180,0.6419440692210857,0.6412213740458015,1
1888,PHI,69,61,535,509,1021,16,268,485.0,1072,26,196,519,26,0.5227762955927429,0.5307692307692308,1
1888,PIT,66,68,534,580,1070,14,194,583.0,1190,23,223,367,-46,0.46226761250083,0.4925373134328358,0
1888,WS8,48,86,482,731,944,30,246,499.0,1157,50,298,406,-249,0.318182067538951,0.3582089552238806,0
1889,BL2,70,65,791,795,1209,20,418,536.0,1168,27,424,540,-4,0.4976923191852903,0.5185185185185185,1
1889,BR3,93,44,995,706,1265,47,550,401.0,1205,33,400,471,289,0.6520184333106066,0.6788321167883211,1
1889,CL6,60,78,779,924,1247,36,507,609.0,1274,33,551,610,-145,0.4225332123984214,0.43478260869565216,0
1889,CN2,76,63,897,769,1307,52,452,511.0,1270,35,475,562,128,0.569976617605659,0.5467625899280576,1
1889,KC2,55,82,852,1031,1256,18,430,626.0,1373,51,457,447,-179,0.4136304544184513,0.40145985401459855,0
1889,LS2,27,111,632,1091,1249,22,320,521.0,1529,43,475,451,-459,0.269116858411599,0.1956521739130435,0
1889,PH4,75,58,880,787,1339,43,534,496.0,1200,35,509,479,93,0.5509226803115852,0.5639097744360902,1
1889,SL4,90,45,957,680,1312,58,493,477.0,1166,39,413,617,277,0.6514298887673661,0.6666666666666666,1
1889,BSN,83,45,826,626,1251,42,471,450.0,1152,41,413,497,200,0.6241867496395574,0.6484375,1
1889,CHN,67,65,867,814,1274,79,518,516.0,1313,71,408,434,53,0.5288264622121567,0.5075757575757576,1
1889,CL4,61,72,656,720,1167,25,429,417.0,1182,36,519,435,-64,0.45751383099884313,0.45864661654135336,0
1889,IN3,59,75,819,894,1356,62,377,447.0,1365,73,420,408,-75,0.45999874681201025,0.44029850746268656,0
1889,NY1,83,43,935,708,1319,52,538,386.0,1073,38,523,558,227,0.6245550117476276,0.6587301587301587,1
1889,PHI,63,64,742,748,1248,44,393,353.0,1288,33,428,443,-6,0.49631548302095235,0.49606299212598426,0
1889,PIT,61,71,726,801,1202,42,420,467.0,1296,42,374,345,-75,0.4551436729447574,0.4621212121212121,0
1889,WS8,41,83,632,892,1105,25,466,456.0,1261,37,527,388,-260,0.34738007195124393,0.33064516129032256,0
1890,BL3,15,19,182,192,278,2,125,152.0,307,3,123,134,-10,0.47554844672806756,0.4411764705882353,0
1890,BR4,26,73,492,733,769,13,328,456.0,1011,21,421,230,-241,0.32529116179987705,0.26262626262626265,0
1890,CL6,79,55,831,617,1225,16,545,557.0,976,20,471,624,214,0.6329520582311433,0.5895522388059702,1
1890,LS2,88,44,819,588,1310,15,410,460.0,1120,18,293,587,231,0.6471154022460277,0.6666666666666666,1
1890,PH4,54,78,702,945,1057,24,475,540.0,1405,17,514,461,-243,0.36726447640330406,0.4090909090909091,0
1890,RC2,63,63,709,711,1088,31,446,538.0,1115,19,530,477,-2,0.4987112696072863,0.5,0
1890,SL4,78,58,870,736,1308,48,474,490.0,1127,38,447,733,134,0.5759309452989217,0.5735294117647058,1
1890,SR2,55,72,698,831,1158,14,457,482.0,1158,28,518,454,-133,0.42087765669297744,0.4330708661417323,0
1890,TL2,68,64,739,689,1152,24,486,558.0,1122,23,429,533,50,0.532007089823214,0.5151515151515151,1
1890,BRO,86,43,884,620,1166,43,517,361.0,1102,27,401,403,264,0.656823350072256,0.6666666666666666,1
1890,BSN,76,57,763,593,1220,31,530,515.0,1132,27,354,506,170,0.6133169411509789,0.5714285714285714,1
1890,CHN,83,53,847,692,1271,67,516,514.0,1103,41,481,504,155,0.5914275588148147,0.6102941176470589,1
1890,CIN,77,55,753,633,1204,27,433,377.0,1097,41,407,488,120,0.5787583794798173,0.5833333333333334,1
1890,CL4,44,88,630,832,1073,21,497,474.0,1322,33,462,306,-202,0.3754406174218344,0.3333333333333333,0
1890,NY1,63,68,713,698,1250,25,350,479.0,1029,14,607,612,15,0.509726283231024,0.48091603053435117,0
1890,PHI,78,53,823,707,1267,23,522,403.0,1210,22,486,507,116,0.5690616482445818,0.5954198473282443,1
1890,PIT,23,113,597,1235,1088,20,408,458.0,1520,52,573,381,-638,0.20911905421029167,0.16911764705882354,0
1890,BFP,36,96,793,1199,1249,20,541,367.0,1499,67,673,351,-406,0.3193939237617137,0.2727272727272727,0
1890,BRP,76,56,964,893,1354,34,502,369.0,1334,26,570,377,71,0.5349438472638837,0.5757575757575758,1
1890,BSP,81,48,992,767,1306,54,652,435.0,1291,49,467,345,225,0.6155594668813273,0.627906976744186,1
1890,CHP,75,62,886,770,1311,31,492,410.0,1238,27,503,460,116,0.5638488539083532,0.5474452554744526,1
1890,CLP,55,75,849,1027,1373,27,509,345.0,1386,45,571,325,-178,0.4137902195676868,0.4230769230769231,0
1890,NYP,74,57,1018,875,1393,66,486,364.0,1219,37,569,449,143,0.5688129107318521,0.5648854961832062,1
1890,PHP,68,63,941,855,1348,49,431,321.0,1292,33,495,361,86,0.5437355067281071,0.5190839694656488,1
1890,PTP,60,68,835,892,1192,35,569,375.0,1267,32,334,318,-57,0.46982596886800687,0.46875,0
1891,BL3,71,64,850,798,1217,30,551,553.0,1238,33,472,408,52,0.5288488695514983,0.5259259259259259,1
1891,BS2,93,42,1028,675,1341,52,651,499.0,1158,42,497,524,353,0.6834784268246714,0.6888888888888889,1
1891,CL6,61,76,702,777,1113,20,529,530.0,1141,29,588,502,-75,0.4536936491670101,0.44525547445255476,0
1891,CN3,43,57,549,643,838,28,428,385.0,921,20,446,331,-94,0.42819368456925966,0.43,0
1891,LS2,54,83,713,890,1247,17,443,473.0,1353,33,464,485,-177,0.3999234018080071,0.39416058394160586,0
1891,ML3,21,15,227,156,332,13,107,114.0,291,6,120,137,71,0.6651705193749858,0.5833333333333334,1
1891,PH4,73,66,817,794,1301,55,447,548.0,1274,35,520,533,23,0.5130612302406728,0.5251798561151079,1
1891,SL4,85,51,976,753,1330,58,625,440.0,1106,50,576,621,223,0.6164949083891563,0.625,1
1891,WS9,44,91,691,1067,1183,19,468,485.0,1420,44,566,486,-376,0.31108031669629355,0.32592592592592595,0
1891,BRO,61,76,765,820,1233,23,464,435.0,1272,40,459,407,-55,0.46827911871572814,0.44525547445255476,0
1891,BSN,87,51,847,658,1264,54,532,538.0,1223,51,364,525,189,0.613504469841286,0.6304347826086957,1
1891,CHN,82,53,832,730,1233,60,526,457.0,1207,53,475,477,102,0.5595514569145419,0.6074074074074074,1
1891,CIN,56,81,646,790,1158,40,414,439.0,1234,40,465,393,-144,0.4089622109365529,0.40875912408759124,0
1891,CL4,65,74,835,888,1294,22,519,464.0,1371,24,466,400,-53,0.47187516071725527,0.4676258992805755,0
1891,NY1,71,61,754,711,1271,46,438,394.0,1098,27,593,651,43,0.526838551052373,0.5378787878787878,1
1891,PHI,68,69,756,773,1244,21,482,412.0,1280,29,505,343,-17,0.4898276686826412,0.49635036496350365,0
1891,PIT,55,80,679,744,1148,29,427,503.0,1160,31,465,446,-65,0.45827267175018654,0.4074074074074074,0
1892,BLN,46,101,779,1020,1342,30,499,480.0,1537,51,536,437,-241,0.3791233647224485,0.3129251700680272,0
1892,BRO,95,59,935,733,1439,30,629,506.0,1285,26,600,597,202,0.6095505841067861,0.6168831168831169,1
1892,BSN,102,48,862,649,1324,34,526,488.0,1156,41,460,509,213,0.6270063502205265,0.68,1
1892,CHN,70,76,635,735,1188,26,427,482.0,1269,35,424,518,-100,0.433489199193465,0.4794520547945205,0
1892,CIN,82,68,766,731,1288,44,503,474.0,1327,39,535,437,35,0.5213836333276534,0.5466666666666666,1
1892,CL4,93,56,855,613,1375,26,552,536.0,1178,28,413,472,242,0.6476916288957191,0.6241610738255033,1
1892,LS3,63,89,649,804,1208,18,433,508.0,1358,26,447,430,-155,0.40325403244601316,0.4144736842105263,0
1892,NY1,71,80,811,826,1326,39,510,469.0,1165,32,635,641,-15,0.4916163116816392,0.47019867549668876,0
1892,PHI,87,66,860,690,1420,50,528,515.0,1297,24,492,502,170,0.5994179889283333,0.5686274509803921,1
1892,PIT,80,73,802,796,1288,38,435,453.0,1300,28,537,455,6,0.5034355065092339,0.5228758169934641,1
1892,SLN,56,94,703,922,1187,45,607,491.0,1466,47,543,478,-219,0.37841653912285017,0.37333333333333335,0
1892,WAS,58,93,731,869,1245,37,529,553.0,1293,40,556,479,-138,0.4215384003600687,0.3841059602649007,0
1893,BLN,60,70,820,893,1281,27,537,323.0,1325,29,534,275,-73,0.46106237569264497,0.46153846153846156,0
1893,BRO,65,63,775,845,1200,45,473,296.0,1262,41,547,297,-70,0.46052068134947366,0.5078125,1
1893,BSN,86,43,1008,795,1358,65,561,292.0,1314,66,402,253,213,0.6069257275321623,0.6666666666666666,1
1893,CHN,56,71,829,874,1299,32,465,262.0,1278,26,553,273,-45,0.47583528962598426,0.4409448818897638,0
1893,CIN,65,63,759,814,1195,29,532,256.0,1305,38,549,258,-55,0.46803758965016723,0.5078125,1
1893,CL4,73,55,976,839,1425,32,532,229.0,1361,35,356,242,137,0.5687593052529429,0.5703125,1
1893,LS3,50,75,759,942,1185,19,485,306.0,1431,38,479,190,-183,0.40244535792988206,0.4,0
1893,NY1,68,64,941,845,1424,61,504,279.0,1271,36,581,395,96,0.5490715093844913,0.5151515151515151,1
1893,PHI,72,57,1011,841,1553,80,468,335.0,1359,30,521,283,170,0.5834396119259033,0.5581395348837209,1
1893,PIT,81,48,970,766,1447,37,537,273.0,1232,29,504,280,204,0.6063722582463174,0.627906976744186,1
1893,SLN,57,75,745,829,1288,10,524,251.0,1292,38,542,301,-84,0.45127765733098185,0.4318181818181818,0
1893,WAS,40,89,722,1032,1260,23,524,237.0,1485,54,574,292,-310,0.3421497720651345,0.31007751937984496,0
1894,BLN,89,39,1171,819,1647,33,516,200.0,1371,31,472,275,352,0.6579739825884802,0.6953125,1
1894,BRO,70,61,1021,1007,1507,42,466,294.0,1447,41,555,285,14,0.5063163323637629,0.5343511450381679,1
1894,BSN,83,49,1220,1002,1658,103,535,261.0,1529,89,411,262,218,0.5890987059384908,0.6287878787878788,1
1894,CHN,57,75,1041,1066,1555,65,496,298.0,1561,43,557,281,-25,0.48914452834186184,0.4318181818181818,0
1894,CIN,55,75,910,1085,1374,61,508,252.0,1585,85,491,219,-175,0.420217665477547,0.4230769230769231,0
1894,CL4,68,61,932,896,1442,37,471,301.0,1390,54,435,254,36,0.5180142232585355,0.5271317829457365,1
1894,LS3,36,94,692,1001,1206,42,350,364.0,1462,39,475,258,-309,0.33724874893827034,0.27692307692307694,0
1894,NY1,88,44,940,789,1446,43,476,217.0,1292,37,539,395,151,0.5794358185808595,0.6666666666666666,1
1894,PHI,71,57,1143,966,1732,40,496,245.0,1482,62,469,262,177,0.5763710121485707,0.5546875,1
1894,PIT,65,65,955,972,1458,48,434,208.0,1552,39,457,304,-17,0.4919283590104292,0.5,0
1894,SLN,56,76,771,953,1320,54,442,289.0,1418,48,500,319,-182,0.40424086466495585,0.42424242424242425,0
1894,WAS,45,87,882,1122,1317,59,617,375.0,1573,59,446,190,-240,0.3916368136548918,0.3409090909090909,0
1895,BLN,87,43,1009,646,1530,25,355,243.0,1216,31,430,244,363,0.693391991117356,0.6692307692307692,1
1895,BRO,71,60,867,834,1330,39,397,318.0,1360,41,395,216,33,0.5177460931042993,0.5419847328244275,1
1895,BSN,71,60,907,826,1369,54,500,236.0,1364,56,363,370,81,0.5426938446556442,0.5419847328244275,1
1895,CHN,72,58,866,854,1401,55,422,344.0,1422,38,432,297,12,0.5063834776498269,0.5538461538461539,1
1895,CIN,66,64,903,854,1395,36,414,249.0,1451,39,362,245,49,0.5255023977099479,0.5076923076923077,1
1895,CL4,84,46,917,720,1423,29,472,361.0,1272,33,346,326,197,0.6088776591645748,0.6461538461538462,1
1895,LS3,35,96,698,1090,1320,34,346,323.0,1520,40,470,245,-392,0.30668646556434,0.26717557251908397,0
1895,NY1,66,65,852,834,1324,32,454,292.0,1359,34,415,409,18,0.5097678115629452,0.5038167938931297,1
1895,PHI,78,53,1068,957,1664,61,463,262.0,1467,36,485,330,111,0.5500378236263564,0.5954198473282443,1
1895,PIT,71,61,811,787,1349,26,376,299.0,1263,17,500,382,24,0.5137397511381755,0.5378787878787878,1
1895,SLN,39,92,747,1032,1344,38,384,279.0,1562,64,439,280,-285,0.3563055672651462,0.29770992366412213,0
1895,WAS,43,85,837,1048,1314,55,518,396.0,1507,55,465,258,-211,0.3985738204524847,0.3359375,0
1896,BLN,90,39,995,662,1548,23,386,201.0,1281,22,339,302,333,0.6782373725112275,0.6976744186046512,1
1896,BRO,58,73,692,764,1292,28,344,269.0,1353,39,400,259,-72,0.4548392227449746,0.44274809160305345,0
1896,BSN,74,57,860,761,1416,36,414,274.0,1254,57,397,277,99,0.5557194201550959,0.5648854961832062,1
1896,CHN,71,57,815,799,1311,34,409,290.0,1302,30,467,353,16,0.5090699340879962,0.5546875,1
1896,CIN,77,50,783,620,1283,20,382,226.0,1240,27,310,219,163,0.6051919991813898,0.6062992125984252,1
1896,CL4,80,48,840,650,1463,28,436,316.0,1363,27,280,336,190,0.615210022717791,0.625,1
1896,LS3,38,93,653,997,1197,37,371,427.0,1398,48,541,288,-344,0.3155263909396894,0.2900763358778626,0
1896,NY1,64,67,829,821,1383,40,439,271.0,1303,33,403,312,8,0.5044362819828373,0.48854961832061067,0
1896,PHI,62,68,890,891,1382,49,438,297.0,1473,39,387,243,-1,0.4994862438101395,0.47692307692307695,0
1896,PIT,66,63,787,741,1371,27,387,286.0,1286,18,439,362,46,0.5275262781648106,0.5116279069767442,1
1896,SLN,40,90,593,929,1162,37,332,300.0,1448,40,456,279,-336,0.3054425350940041,0.3076923076923077,0
1896,WAS,58,73,818,920,1328,45,516,365.0,1435,24,435,292,-102,0.44644479296244755,0.44274809160305345,0
1897,BLN,90,40,964,674,1584,19,437,256.0,1296,18,382,361,290,0.6581106577820927,0.6923076923076923,1
1897,BRO,61,71,802,845,1343,24,351,255.0,1417,34,410,256,-43,0.4761238540635439,0.4621212121212121,0
1897,BSN,93,39,1025,665,1574,45,423,262.0,1273,39,393,329,360,0.6882111195604738,0.7045454545454546,1
1897,CHN,59,73,832,894,1356,38,430,317.0,1485,30,433,361,-62,0.46716527171574185,0.44696969696969696,0
1897,CIN,76,56,763,705,1311,22,380,218.0,1375,18,329,270,58,0.5361070925834922,0.5757575757575758,1
1897,CL4,69,62,773,680,1374,16,435,344.0,1297,32,289,277,93,0.5583777530220412,0.5267175572519084,1
1897,LS3,52,78,669,859,1197,40,370,453.0,1363,39,459,267,-190,0.38758563625244596,0.4,0
1897,NY1,83,48,895,695,1449,31,404,327.0,1214,26,486,456,200,0.6136850139201624,0.6335877862595419,1
1897,PHI,55,77,752,792,1392,40,399,299.0,1415,28,364,253,-40,0.4763077872918089,0.4166666666666667,0
1897,PIT,60,71,676,835,1266,25,359,334.0,1397,22,318,342,-159,0.4045440636926984,0.4580152671755725,0
1897,SLN,29,102,588,1083,1277,31,354,314.0,1584,54,453,207,-495,0.24643874643933977,0.22137404580152673,0
1897,WAS,61,71,781,793,1376,36,374,348.0,1383,27,400,348,-12,0.49302445976252224,0.4621212121212121,0
1898,BLN,96,53,933,623,1584,12,519,316.0,1236,17,400,422,310,0.6767905735855128,0.6442953020134228,1
1898,BRO,54,91,638,811,1314,17,328,314.0,1446,34,476,294,-173,0.39196223908731886,0.3724137931034483,0
1898,BSN,102,47,872,614,1531,53,405,303.0,1186,37,470,432,258,0.65519501487343,0.6845637583892618,1
1898,CHN,85,65,828,679,1431,18,476,394.0,1357,17,364,323,149,0.5897803445799612,0.5666666666666667,1
1898,CIN,92,60,831,740,1448,19,455,300.0,1484,16,449,294,91,0.5528623790114502,0.6052631578947368,1
1898,CL4,81,68,730,683,1379,18,545,306.0,1429,26,309,339,47,0.5304089004933836,0.5436241610738255,1
1898,LS3,70,81,728,833,1389,32,375,429.0,1457,33,470,271,-105,0.43867022135287753,0.46357615894039733,0
1898,NY1,77,73,837,800,1422,34,428,372.0,1359,21,587,558,37,0.5206728548843691,0.5133333333333333,1
1898,PHI,78,71,823,784,1431,33,472,382.0,1440,23,399,325,39,0.5221957380728871,0.5234899328859061,1
1898,PIT,72,76,634,694,1313,14,336,343.0,1400,14,346,330,-60,0.45872561193842015,0.4864864864864865,0
1898,SLN,39,111,571,929,1290,13,383,402.0,1584,32,372,288,-358,0.2909660660241669,0.26,0
1898,WAS,51,101,704,939,1423,36,370,386.0,1577,29,450,371,-235,0.3711916684532788,0.3355263157894737,0
1899,BLN,86,62,827,691,1509,17,418,383.0,1403,13,349,294,136,0.5814641365143052,0.581081081081081,1
1899,BRO,101,47,892,658,1436,27,477,263.0,1320,32,463,331,234,0.6357113356575259,0.6824324324324325,1
1899,BSN,95,57,858,645,1517,39,431,269.0,1273,44,432,385,213,0.6276614534176028,0.625,1
1899,CHN,75,73,812,763,1428,27,406,342.0,1433,20,330,313,49,0.528445109078553,0.5067567567567568,1
1899,CIN,83,67,856,770,1439,13,485,295.0,1484,26,370,360,86,0.5482890546800523,0.5533333333333333,1
1899,CL4,20,134,529,1252,1333,12,289,280.0,1844,43,527,215,-723,0.171282981995353,0.12987012987012986,0
1899,LS3,75,77,827,775,1484,40,436,375.0,1509,33,323,287,52,0.5296758924361481,0.4934210526315789,0
1899,NY1,60,90,734,863,1431,23,387,360.0,1454,19,628,397,-129,0.4264653181909069,0.4,0
1899,PHI,94,58,916,743,1613,31,441,341.0,1398,17,370,281,173,0.5946100057337736,0.618421052631579,1
1899,PIT,76,73,834,765,1574,27,384,345.0,1464,27,437,334,69,0.5394265656724356,0.5100671140939598,1
1899,SLN,84,67,819,739,1514,47,468,262.0,1476,41,321,331,80,0.5468865095726354,0.5562913907284768,1
1899,WAS,54,98,743,983,1429,47,350,341.0,1649,35,422,328,-240,0.374668346790896,0.35526315789473684,0
1900,BRO,82,54,816,722,1423,26,421,272.0,1370,30,405,300,94,0.555760166888109,0.6029411764705882,1
1900,BSN,66,72,778,739,1403,48,395,278.0,1263,59,463,340,39,0.5235112342903215,0.4782608695652174,0
1900,CHN,65,75,635,751,1276,33,343,383.0,1375,21,324,357,-116,0.42383774838847593,0.4642857142857143,0
1900,CIN,62,77,703,745,1335,33,333,408.0,1383,28,404,399,-42,0.4734774165018302,0.4460431654676259,0
1900,NY1,60,78,713,823,1317,23,369,343.0,1423,26,442,277,-110,0.43473479107248686,0.43478260869565216,0
1900,PHI,75,63,810,792,1439,29,440,374.0,1506,29,402,284,18,0.5102798827358127,0.5434782608695652,1
1900,PIT,79,60,733,612,1312,26,327,321.0,1232,24,295,415,121,0.5817974691946378,0.5683453237410072,1
1900,SLN,65,75,744,748,1420,36,406,318.0,1373,37,299,325,-4,0.49754693069505346,0.4642857142857143,0
1901,BLA,68,65,760,750,1348,24,369,377.0,1313,21,344,271,10,0.506059394574229,0.5112781954887218,1
1901,BOS,79,57,759,608,1353,37,331,282.0,1178,33,294,396,151,0.6001147410385851,0.5808823529411765,1
1901,CHA,83,53,819,631,1303,32,475,337.0,1250,27,312,394,188,0.617092183140746,0.6102941176470589,1
1901,CLE,54,82,667,831,1311,12,243,326.0,1365,22,464,334,-164,0.4007582470635696,0.39705882352941174,0
1901,DET,74,61,741,694,1303,29,380,346.0,1328,22,313,307,47,0.5299434899659851,0.5481481481481482,1
1901,MLA,48,89,641,828,1250,26,325,384.0,1383,32,395,376,-187,0.3849831339821318,0.35036496350364965,0
1901,PHA,74,62,805,761,1409,35,301,344.0,1346,20,374,350,44,0.5256929306829677,0.5441176470588235,1
1901,WS1,61,72,682,771,1282,33,356,340.0,1396,51,284,308,-89,0.4441180737804512,0.45864661654135336,0
1901,BRO,79,57,744,600,1399,32,312,449.0,1244,18,435,583,144,0.5971619729010699,0.5808823529411765,1
1901,BSN,69,69,531,556,1180,28,303,519.0,1196,29,349,558,-25,0.4789645539274957,0.5,0
1901,CHN,53,86,578,699,1250,18,314,532.0,1348,27,324,586,-121,0.41390614864494846,0.381294964028777,0
1901,CIN,52,87,561,818,1232,38,323,584.0,1469,51,365,542,-257,0.33399551970079444,0.37410071942446044,0
1901,NY1,52,85,544,755,1225,19,303,575.0,1389,24,377,542,-211,0.35438570897784116,0.3795620437956204,0
1901,PHI,83,57,668,543,1275,24,430,549.0,1221,19,259,480,125,0.593665013849893,0.5928571428571429,1
1901,PIT,90,49,776,534,1407,29,386,493.0,1198,20,244,505,242,0.6646252370658741,0.6474820143884892,1
1901,SLN,76,64,792,689,1430,39,314,540.0,1333,39,332,445,103,0.5633959191160012,0.5428571428571428,1
1902,BLA,50,88,715,848,1318,33,417,429.0,1531,30,354,258,-133,0.4225791743583336,0.36231884057971014,0
1902,BOS,77,60,664,600,1356,42,275,375.0,1217,27,326,431,64,0.5462362941636635,0.5620437956204379,1
1902,CHA,74,60,675,602,1248,14,411,381.0,1269,30,331,346,73,0.5521726769387623,0.5522388059701493,1
1902,CLE,69,67,686,667,1401,33,308,356.0,1199,26,411,361,19,0.5128472402812566,0.5073529411764706,1
1902,DET,52,83,566,657,1167,22,359,287.0,1267,20,370,245,-91,0.4322113399317603,0.3851851851851852,0
1902,PHA,83,53,775,636,1369,38,343,293.0,1292,33,368,455,139,0.5894581791006983,0.6102941176470589,1
1902,SLA,78,58,619,607,1254,29,373,327.0,1273,36,343,348,12,0.5089552825757084,0.5735294117647058,1
1902,WS1,61,75,707,790,1338,47,329,296.0,1403,56,312,300,-83,0.4493903650544993,0.4485294117647059,0
1902,BRO,75,63,564,519,1242,19,319,489.0,1113,10,363,536,45,0.5379680616328778,0.5434782608695652,1
1902,BSN,73,64,572,516,1178,14,398,481.0,1233,16,372,523,56,0.546998091130146,0.5328467153284672,1
1902,CHN,68,69,530,501,1200,6,353,565.0,1235,9,279,437,29,0.5257212142708345,0.49635036496350365,0
1902,CIN,70,70,633,566,1383,18,297,465.0,1228,15,352,430,67,0.551005390323758,0.5,0
1902,NY1,48,88,401,590,1088,8,252,530.0,1193,16,332,501,-189,0.33033399695771964,0.35294117647058826,0
1902,PHI,56,81,484,649,1139,5,356,481.0,1323,12,334,504,-165,0.3689261293620805,0.40875912408759124,0
1902,PIT,103,36,775,440,1410,18,372,446.0,1142,4,250,564,335,0.7380661750748807,0.7410071942446043,1
1902,SLN,56,78,517,695,1226,10,273,438.0,1399,16,338,400,-178,0.36785261472348524,0.417910447761194,0
1903,BOS,91,47,708,504,1336,48,262,561.0,1142,23,269,579,204,0.6506637614992773,0.6594202898550725,1
1903,CHA,60,77,516,613,1152,14,325,537.0,1233,23,287,391,-97,0.4218380732183986,0.43795620437956206,0
1903,CLE,77,63,639,579,1265,31,259,595.0,1161,16,271,521,60,0.5449884051208825,0.55,1
1903,DET,65,71,567,539,1229,12,292,526.0,1169,19,336,554,28,0.5231529380015489,0.47794117647058826,0
1903,NYA,72,62,579,573,1136,18,332,465.0,1171,19,245,463,6,0.5047655237833478,0.5373134328358209,1
1903,PHA,75,60,597,519,1236,32,268,513.0,1124,20,315,728,78,0.5637078938360236,0.5555555555555556,1
1903,SLA,65,74,500,525,1133,12,271,539.0,1220,26,237,511,-25,0.4776933169781648,0.4676258992805755,0
1903,WS1,43,94,437,691,1066,17,257,463.0,1333,38,306,452,-254,0.3018469746059922,0.31386861313868614,0
1904,BOS,95,59,608,466,1294,26,347,570.0,1208,31,233,612,142,0.6193429509538444,0.6168831168831169,1
1904,CHA,89,65,600,482,1217,14,373,586.0,1161,13,303,550,118,0.5988662905515156,0.577922077922078,1
1904,CLE,86,65,647,482,1340,27,307,714.0,1273,10,285,627,165,0.6315229819335423,0.5695364238410596,1
1904,DET,62,90,505,627,1231,11,344,635.0,1345,16,433,556,-122,0.40227610699048005,0.40789473684210525,0
1904,NYA,92,59,598,526,1354,27,312,548.0,1180,29,311,684,72,0.5584243638662432,0.609271523178808,1
1904,PHA,81,70,557,503,1266,31,313,605.0,1149,13,366,887,54,0.546518671962013,0.5364238410596026,1
1904,SLA,65,87,481,604,1266,10,332,609.0,1335,25,333,577,-123,0.3973057994971094,0.4276315789473684,0
1904,WS1,38,113,437,743,1170,10,283,759.0,1487,19,347,533,-306,0.27462225435021126,0.25165562913907286,0
1910,BRO,64,90,497,623,1174,25,434,706.0,1331,17,545,555,-126,0.39807309304624144,0.4155844155844156,0
1910,BSN,53,100,495,701,1260,31,359,540.0,1328,36,599,531,-206,0.3459818632505617,0.3464052287581699,0
1910,CHN,104,50,712,499,1333,34,542,501.0,1171,18,474,609,213,0.6571261519676809,0.6753246753246753,1
1910,CIN,75,79,620,684,1326,23,529,515.0,1334,27,528,497,-64,0.45517657160547353,0.487012987012987,0
1910,NY1,91,63,715,567,1391,31,562,489.0,1290,30,397,717,148,0.6045403187649537,0.5909090909090909,1
1910,PHI,78,75,674,639,1319,22,506,559.0,1297,36,547,657,35,0.5243771456015237,0.5098039215686274,1
1910,PIT,86,67,655,576,1364,33,437,524.0,1254,20,392,479,79,0.5585317746751616,0.5620915032679739,1
1910,SLN,63,90,639,718,1217,15,655,581.0,1396,30,541,466,-79,0.44687276118048264,0.4117647058823529,0
1911,BRO,64,86,539,659,1198,28,425,683.0,1310,27,566,533,-120,0.4090619511204692,0.4266666666666667,0
1911,BSN,44,107,699,1021,1417,37,554,577.0,1570,76,672,486,-322,0.33328529764337117,0.2913907284768212,0
1911,CHN,92,62,757,607,1335,54,585,617.0,1270,26,525,582,150,0.5996788270040598,0.5974025974025974,1
1911,CIN,70,83,682,706,1379,21,578,594.0,1410,36,476,557,-24,0.4841823771807535,0.45751633986928103,0
1911,NY1,99,54,756,542,1399,41,530,506.0,1267,33,369,771,214,0.6477078483577839,0.6470588235294118,1
1911,PHI,79,73,658,669,1307,60,490,588.0,1285,43,598,697,-11,0.4924156303505063,0.5197368421052632,1
1911,PIT,85,69,744,557,1345,49,525,583.0,1249,36,375,605,187,0.629422633419908,0.551948051948052,1
1911,SLN,75,74,671,745,1295,26,592,650.0,1296,39,701,561,-74,0.45228424880143303,0.5033557046979866,1
1912,BRO,58,95,651,754,1377,32,490,584.0,1399,45,510,553,-103,0.4332028493394511,0.3790849673202614,0
1912,BSN,52,101,693,861,1465,35,454,690.0,1544,43,521,542,-168,0.40197851377316396,0.33986928104575165,0
1912,CHN,91,59,756,668,1398,43,560,615.0,1307,33,493,554,88,0.5563763438130869,0.6066666666666667,1
1912,CIN,75,78,656,722,1310,21,479,492.0,1455,28,452,561,-66,0.4562541968977203,0.49019607843137253,0
1912,NY1,103,48,823,571,1451,47,514,497.0,1352,36,338,652,252,0.6612764274129949,0.6821192052980133,1
1912,PHI,73,79,670,688,1354,43,464,615.0,1381,43,515,616,-18,0.4878735385132571,0.48026315789473684,0
1912,PIT,93,58,751,565,1493,39,420,514.0,1268,28,497,664,186,0.6273304316443162,0.6158940397350994,1
1912,SLN,63,90,659,830,1366,27,508,620.0,1466,31,560,487,-171,0.39599402576679377,0.4117647058823529,0
1913,BOS,79,71,631,610,1334,17,466,534.0,1323,6,442,710,21,0.5154800103806824,0.5266666666666666,1
1913,CHA,78,74,488,498,1139,24,398,550.0,1190,10,438,602,-10,0.4907208284455459,0.5131578947368421,1
1913,CLE,86,66,633,536,1349,16,420,557.0,1278,19,502,689,97,0.5755166453642508,0.5657894736842105,1
1913,DET,66,87,624,716,1344,24,496,501.0,1359,13,504,468,-92,0.4374101524501134,0.43137254901960786,0
1913,NYA,57,94,529,668,1157,8,534,617.0,1318,31,455,530,-139,0.3948576194479058,0.37748344370860926,0
1913,PHA,96,57,794,592,1412,33,534,547.0,1200,24,532,630,202,0.6311714399804447,0.6274509803921569,1
1913,SLA,57,96,528,642,1193,18,455,769.0,1369,21,454,476,-114,0.4115042403670304,0.37254901960784315,0
1913,WS1,90,64,596,561,1281,19,440,595.0,1177,35,465,758,35,0.5276595244541958,0.5844155844155844,1
1913,BRO,65,84,595,613,1394,39,361,555.0,1287,33,439,548,-18,0.4863682638292449,0.436241610738255,0
1913,BSN,69,82,641,690,1318,32,488,640.0,1343,37,419,597,-49,0.4663505103678735,0.45695364238410596,0
1913,CHN,88,65,720,630,1289,59,554,634.0,1330,39,478,556,90,0.5607884244424524,0.5751633986928104,1
1913,CIN,64,89,607,717,1339,27,458,579.0,1398,40,456,522,-110,0.4243891214589785,0.41830065359477125,0
1913,NY1,101,51,684,515,1427,30,444,501.0,1276,38,315,651,169,0.6269928528851487,0.6644736842105263,1
1913,PHI,88,63,693,636,1433,73,383,578.0,1407,40,512,667,57,0.5391873475716388,0.5827814569536424,1
1913,PIT,78,71,673,585,1383,35,391,545.0,1344,26,434,590,88,0.5637620152895337,0.5234899328859061,1
1913,SLN,51,99,528,755,1229,15,451,573.0,1426,57,477,465,-227,0.3419880534609296,0.34,0
1914,BOS,91,62,589,510,1278,18,490,549.0,1207,18,393,602,79,0.5655083386742962,0.5947712418300654,1
1914,CHA,70,84,487,560,1205,19,408,609.0,1207,15,401,660,-73,0.4364453932772545,0.45454545454545453,0
1914,CLE,51,102,538,709,1262,10,450,685.0,1365,10,666,688,-171,0.37634889771326513,0.3333333333333333,0
1914,DET,80,73,615,618,1318,25,557,537.0,1285,17,498,567,-3,0.4977737329467226,0.5228758169934641,1
1914,NYA,70,84,537,550,1144,12,577,711.0,1277,30,390,563,-13,0.4890582630676445,0.45454545454545453,0
1914,PHA,99,53,749,529,1392,29,545,517.0,1264,18,521,720,220,0.6539354910983026,0.6513157894736842,1
1914,SLA,71,82,523,615,1241,17,423,863.0,1309,20,540,553,-92,0.42640482944262953,0.46405228758169936,0
1914,WS1,81,73,572,519,1245,18,470,640.0,1170,20,520,784,53,0.5443680559179365,0.525974025974026,1
1914,BLF,84,70,645,628,1374,32,487,589.0,1389,34,392,732,17,0.5122174613620704,0.5454545454545454,1
1914,BRF,77,77,662,677,1402,42,404,665.0,1375,31,559,636,-15,0.48975082035526973,0.5,0
1914,BUF,80,71,620,602,1264,38,430,761.0,1249,45,505,662,18,0.5134756157953995,0.5298013245033113,1
1914,CHF,87,67,621,517,1314,52,520,645.0,1204,43,393,650,104,0.5830769316789818,0.564935064935065,1
1914,IND,88,65,762,622,1474,33,470,641.0,1352,29,476,664,140,0.591821822923217,0.5751633986928104,1
1914,KCF,67,84,644,683,1369,39,399,621.0,1387,37,445,600,-39,0.47312669018332226,0.44370860927152317,0
1914,PTF,64,86,605,698,1339,34,410,575.0,1416,39,444,510,-93,0.43495252183073896,0.4266666666666667,0
1914,SLF,62,89,565,697,1254,26,503,662.0,1418,38,409,661,-132,0.40510799145609216,0.4105960264900662,0
1914,BRO,75,79,622,618,1386,31,376,559.0,1282,36,466,605,4,0.502951588855393,0.487012987012987,0
1914,BSN,94,59,657,548,1307,35,502,617.0,1272,38,477,606,109,0.5822405715569525,0.6143790849673203,1
1914,CHN,78,76,605,638,1229,42,501,577.0,1169,37,528,651,-33,0.47572136341948235,0.5064935064935064,1
1914,CIN,60,94,530,651,1178,16,441,627.0,1259,30,489,607,-121,0.407017737076908,0.38961038961038963,0
1914,NY1,84,70,672,576,1363,30,447,479.0,1298,47,367,563,96,0.570059948458501,0.5454545454545454,1
1914,PHI,74,80,651,687,1345,62,472,570.0,1403,26,452,650,-36,0.4753951126070536,0.4805194805194805,0
1914,PIT,69,85,503,540,1197,18,416,608.0,1272,27,392,488,-37,0.46757270091420583,0.44805194805194803,0
1914,SLN,81,72,558,540,1249,33,445,618.0,1279,26,422,531,18,0.5149968443519981,0.5294117647058824,1
1915,BOS,101,50,669,499,1308,14,527,476.0,1164,18,446,634,170,0.6310015032791882,0.6688741721854304,1
1915,CHA,93,61,717,509,1269,25,583,575.0,1242,14,350,635,208,0.6518109344562587,0.6038961038961039,1
1915,CLE,57,95,539,670,1210,20,490,681.0,1287,18,518,610,-131,0.40175961470116295,0.375,0
1915,DET,100,54,778,597,1372,23,681,527.0,1259,14,492,550,181,0.6188337960289177,0.6493506493506493,1
1915,NYA,69,83,584,588,1162,31,570,669.0,1272,41,517,559,-4,0.49687716158696804,0.45394736842105265,0
1915,PHA,43,109,545,888,1204,16,436,634.0,1358,22,827,588,-343,0.2904127480582269,0.28289473684210525,0
1915,SLA,63,91,521,680,1255,19,472,765.0,1256,21,612,566,-159,0.3805045445752218,0.4090909090909091,0
1915,WS1,85,68,569,491,1225,12,458,541.0,1161,12,455,715,78,0.5670458768046137,0.5555555555555556,1
1915,BLF,47,107,550,760,1235,36,470,641.0,1455,52,466,570,-210,0.3562168471168091,0.3051948051948052,0
1915,BRF,70,82,647,673,1348,36,473,654.0,1299,27,536,467,-26,0.48198274588576695,0.4605263157894737,0
1915,BUF,74,78,574,634,1261,40,420,587.0,1271,35,553,594,-60,0.45464060465993483,0.4868421052631579,0
1915,CHF,86,66,640,538,1320,50,444,590.0,1232,33,402,576,102,0.5787649871675661,0.5657894736842105,1
1915,KCF,81,72,547,551,1206,28,368,503.0,1210,29,390,526,-4,0.4966667013030916,0.5294117647058824,1
1915,NEW,80,72,585,562,1283,17,438,550.0,1308,15,453,581,23,0.5183420893054391,0.5263157894736842,1
1915,PTF,86,67,592,524,1318,20,448,561.0,1273,37,441,517,68,0.5555910634732941,0.5620915032679739,1
1915,SLF,87,67,634,527,1344,23,576,502.0,1267,22,396,698,107,0.5837708517128882,0.564935064935065,1
1915,BRO,80,72,536,560,1268,14,313,496.0,1252,29,473,499,-24,0.4799710235561969,0.5263157894736842,1
1915,BSN,83,69,582,545,1219,17,549,620.0,1257,23,366,630,37,0.5300145980495684,0.5460526315789473,1
1915,CHN,73,80,570,620,1246,53,393,639.0,1272,28,480,657,-50,0.46160769401910634,0.477124183006536,0
1915,CIN,71,83,516,585,1323,15,360,512.0,1304,28,497,572,-69,0.4428325045749226,0.461038961038961,0
1915,NY1,69,83,582,628,1312,24,315,547.0,1350,40,325,637,-46,0.4652541964222901,0.45394736842105265,0
1915,PHI,90,62,589,463,1216,58,460,600.0,1161,26,342,652,126,0.6083732579322979,0.5921052631578947,1
1915,PIT,73,81,557,520,1259,24,419,656.0,1229,21,384,544,37,0.5314055173085576,0.474025974025974,0
1915,SLN,72,81,590,601,1297,20,457,658.0,1320,30,402,538,-11,0.49154968277846933,0.47058823529411764,0
1916,BOS,91,63,550,480,1246,14,464,482.0,1221,10,463,584,70,0.5619603535949452,0.5909090909090909,1
1916,CHA,89,65,601,497,1277,17,447,591.0,1189,14,405,644,104,0.586061903101121,0.577922077922078,1
1916,CLE,77,77,630,602,1264,16,522,605.0,1383,16,467,537,28,0.5207870475566709,0.5,0
1916,DET,87,67,670,595,1371,17,545,529.0,1254,12,578,531,75,0.5541000932148313,0.564935064935065,1
1916,NYA,80,74,577,561,1277,35,516,632.0,1249,37,476,616,16,0.5128626840388036,0.5194805194805194,1
1916,PHA,36,117,447,776,1212,19,406,631.0,1311,26,715,575,-329,0.2670939830466164,0.23529411764705882,0
1916,SLA,79,75,588,545,1262,14,627,640.0,1292,15,478,505,43,0.5346872684230786,0.512987012987013,1
1916,WS1,76,77,536,543,1238,12,535,597.0,1271,14,490,706,-7,0.4940641437054005,0.49673202614379086,0
1916,BRO,94,60,585,471,1366,28,355,550.0,1201,24,372,634,114,0.5978847735209343,0.6103896103896104,1
1916,BSN,89,63,542,453,1181,22,437,646.0,1206,24,325,644,89,0.5813345345735293,0.5855263157894737,1
1916,CHN,67,86,520,541,1237,46,399,662.0,1265,32,365,616,-21,0.4818952799621874,0.43790849673202614,0
1916,CIN,60,93,505,617,1336,14,362,573.0,1356,35,461,569,-112,0.40937047947983013,0.39215686274509803,0
1916,NY1,86,66,597,504,1305,42,356,558.0,1267,41,310,638,93,0.5768593257529967,0.5657894736842105,1
1916,PHI,91,62,581,489,1244,42,399,571.0,1238,28,295,601,92,0.5782199905599149,0.5947712418300654,1
1916,PIT,65,89,484,586,1246,20,372,618.0,1277,24,443,596,-102,0.41339216087055997,0.42207792207792205,0
1916,SLN,60,93,476,629,1223,25,335,651.0,1331,31,445,529,-153,0.3751828531135541,0.39215686274509803,0
1917,BOS,90,62,555,454,1243,14,466,473.0,1197,12,413,509,101,0.5908774221165926,0.5921052631578947,1
1917,CHA,100,54,656,464,1281,18,522,479.0,1236,10,413,517,192,0.6533246707856655,0.6493506493506493,1
1917,CLE,88,66,584,543,1224,13,549,596.0,1270,17,438,451,41,0.5332530285878371,0.5714285714285714,1
1917,DET,78,75,639,577,1317,25,483,476.0,1209,12,504,516,62,0.5465581831772655,0.5098039215686274,1
1917,NYA,71,82,524,558,1226,27,496,535.0,1280,28,427,571,-34,0.47126990221286724,0.46405228758169936,0
1917,PHA,55,98,529,691,1296,17,435,519.0,1310,23,562,516,-162,0.38015578592073973,0.35947712418300654,0
1917,SLA,57,97,510,687,1250,15,405,540.0,1320,19,537,429,-177,0.36697873157998684,0.37012987012987014,0
1917,WS1,74,79,543,566,1238,4,500,574.0,1217,12,537,637,-23,0.4810298332830959,0.48366013071895425,0
1917,BRO,70,81,511,559,1299,25,334,527.0,1288,32,405,582,-48,0.4590178499635232,0.46357615894039733,0
1917,BSN,72,81,536,552,1280,22,427,587.0,1309,19,371,593,-16,0.48654639572287683,0.47058823529411764,0
1917,CHN,74,80,552,567,1229,17,415,599.0,1303,34,374,654,-15,0.48773630985191657,0.4805194805194805,0
1917,CIN,78,76,601,611,1385,26,312,477.0,1358,20,402,488,-10,0.4924508974278899,0.5064935064935064,1
1917,NY1,98,56,635,457,1360,39,373,533.0,1221,29,327,551,178,0.6461053137876933,0.6363636363636364,1
1917,PHI,87,65,578,500,1262,38,435,533.0,1258,25,325,616,78,0.5659355948255335,0.5723684210526315,1
1917,PIT,51,103,464,595,1230,9,399,580.0,1318,14,432,509,-131,0.3881539542101431,0.33116883116883117,0
1917,SLN,82,70,531,567,1271,26,359,652.0,1257,29,421,502,-36,0.47002523014349396,0.5394736842105263,1
1918,BOS,75,51,474,380,990,15,406,324.0,931,9,380,392,94,0.5997673930239232,0.5952380952380952,1
1918,CHA,57,67,457,446,1057,8,375,358.0,1092,9,300,349,11,0.5111448845160603,0.4596774193548387,0
1918,CLE,73,54,504,447,1084,9,491,386.0,1126,9,343,364,57,0.5546884221400352,0.5748031496062992,1
1918,DET,55,71,476,557,1063,13,452,380.0,1130,10,437,374,-81,0.4285964956840688,0.4365079365079365,0
1918,NYA,60,63,493,475,1085,20,367,370.0,1103,25,463,370,18,0.5170098576494627,0.4878048780487805,0
1918,PHA,52,76,412,538,1039,22,343,485.0,1106,13,486,277,-126,0.380292137839116,0.40625,0
1918,SLA,58,64,426,448,1040,5,397,340.0,993,11,402,346,-22,0.4769793841374732,0.47540983606557374,0
1918,WS1,72,56,461,412,1144,4,376,361.0,1021,10,395,505,49,0.5512310022428082,0.5625,1
1918,BRO,57,69,360,463,1052,10,212,326.0,1024,22,320,395,-103,0.38687430154652075,0.4523809523809524,0
1918,BSN,53,71,424,469,1014,13,350,438.0,1111,14,277,340,-45,0.4539828798272877,0.4274193548387097,0
1918,CHN,84,45,538,393,1147,21,358,343.0,1050,13,296,472,145,0.6398491733643651,0.6511627906976745,1
1918,CIN,68,60,530,496,1185,15,304,303.0,1136,19,381,321,34,0.5302955875023139,0.53125,1
1918,NY1,71,53,480,415,1081,13,271,365.0,1002,20,228,330,65,0.5661791478935129,0.5725806451612904,1
1918,PHI,55,68,430,507,1022,25,346,400.0,1086,22,369,312,-77,0.425203495743411,0.44715447154471544,0
1918,PIT,65,60,466,412,1016,15,371,285.0,1005,13,299,367,54,0.5561094195828115,0.52,1
1918,SLN,51,78,454,527,1066,27,329,461.0,1148,16,352,361,-73,0.4322053175387144,0.3953488372093023,0
1919,BOS,66,71,564,552,1188,33,471,411.0,1251,16,421,381,12,0.5098378190862439,0.48175182481751827,0
1919,CHA,88,52,667,534,1343,25,427,358.0,1245,24,342,468,133,0.6003638545082345,0.6285714285714286,1
1919,CLE,84,55,636,537,1268,24,498,367.0,1242,19,362,432,99,0.5767966198057177,0.60431654676259,1
1919,DET,80,60,618,578,1319,23,429,427.0,1254,35,436,428,40,0.5305752278533519,0.5714285714285714,1
1919,NYA,80,59,578,506,1275,45,386,479.0,1143,47,433,500,72,0.5605656606748414,0.5755395683453237,1
1919,PHA,36,104,457,742,1156,35,349,565.0,1371,44,503,417,-285,0.29174201536896704,0.2571428571428571,0
1919,SLA,67,72,533,567,1234,31,391,443.0,1255,35,421,415,-34,0.4717393223700941,0.48201438848920863,0
1919,WS1,56,84,533,570,1238,24,416,511.0,1237,20,451,536,-37,0.4693334567656335,0.4,0
1919,BRO,69,71,525,513,1272,25,258,405.0,1256,21,292,476,12,0.5105769278719632,0.4928571428571429,0
1919,BSN,57,82,465,563,1201,24,355,481.0,1313,29,337,374,-98,0.41338890371488,0.41007194244604317,0
1919,CHN,75,65,454,407,1174,21,298,359.0,1127,14,294,495,47,0.549831458547485,0.5357142857142857,1
1919,CIN,96,44,577,401,1204,20,405,368.0,1104,21,298,407,176,0.6605849276092235,0.6857142857142857,1
1919,NY1,87,53,605,470,1254,40,328,407.0,1153,34,305,340,135,0.613504469841286,0.6214285714285714,1
1919,PHI,47,90,510,699,1191,42,323,469.0,1391,40,408,397,-189,0.35964869541815875,0.34306569343065696,0
1919,PIT,71,68,472,466,1132,17,344,381.0,1113,23,263,391,6,0.5058526909668954,0.5107913669064749,1
1919,SLN,54,83,463,552,1175,18,304,418.0,1146,25,415,414,-89,0.42024873018270814,0.39416058394160586,0
1920,BOS,72,81,650,698,1397,22,533,429.0,1481,39,461,481,-48,0.46745071316102677,0.47058823529411764,0
1920,CHA,96,58,794,665,1574,37,471,353.0,1467,45,405,438,129,0.5804089633573499,0.6233766233766234,1
1920,CLE,98,56,857,642,1574,35,574,379.0,1448,31,401,466,215,0.6291553106865951,0.6363636363636364,1
1920,DET,61,93,652,833,1408,30,479,391.0,1487,46,561,483,-181,0.38975789279316636,0.3961038961038961,0
1920,NYA,95,59,838,629,1448,115,539,626.0,1414,48,420,480,209,0.6283168711794398,0.6168831168831169,1
1920,PHA,48,106,558,834,1324,44,353,593.0,1612,56,461,423,-276,0.32400423486358526,0.3116883116883117,0
1920,SLA,76,77,797,766,1651,50,427,339.0,1481,53,578,444,31,0.5181422048377079,0.49673202614379086,0
1920,WS1,68,84,723,802,1526,36,433,543.0,1521,51,520,418,-79,0.45269939740716,0.4473684210526316,0
1920,BRO,93,61,660,528,1493,28,359,391.0,1381,25,327,553,132,0.6006928212514089,0.6038961038961039,1
1920,BSN,62,90,523,670,1358,23,385,488.0,1464,39,415,368,-147,0.3885802179824071,0.40789473684210525,0
1920,CHN,75,79,619,635,1350,34,428,421.0,1459,37,382,508,-16,0.48832684677112465,0.487012987012987,0
1920,CIN,82,71,639,569,1432,18,382,367.0,1327,26,393,435,70,0.5528824701169573,0.5359477124183006,1
1920,NY1,86,68,682,543,1427,46,432,545.0,1379,44,297,380,139,0.6027877131849275,0.5584415584415584,1
1920,PHI,62,91,565,714,1385,64,283,531.0,1480,35,444,419,-149,0.3945264407114976,0.40522875816993464,0
1920,PIT,79,75,530,552,1342,16,374,405.0,1389,25,280,444,-22,0.48140158406705286,0.512987012987013,1
1920,SLN,75,79,675,682,1589,32,373,484.0,1488,30,479,529,-7,0.49528012781230224,0.487012987012987,0
1921,BOS,75,79,668,696,1440,17,428,344.0,1521,53,452,446,-28,0.481223204064625,0.487012987012987,0
1921,CHA,62,92,683,858,1509,35,445,474.0,1603,52,549,392,-175,0.3971295194188637,0.4025974025974026,0
1921,CLE,94,60,925,712,1656,42,623,376.0,1534,43,431,475,213,0.6174975309522814,0.6103896103896104,1
1921,DET,71,82,883,852,1724,58,582,376.0,1634,71,495,452,31,0.5163446176392522,0.46405228758169936,0
1921,NYA,98,55,948,708,1576,134,588,569.0,1461,51,470,481,240,0.6304612405987571,0.6405228758169934,1
1921,PHA,53,100,657,894,1497,82,424,565.0,1645,85,548,431,-237,0.362696449861644,0.3464052287581699,0
1921,SLA,81,73,835,845,1655,67,413,407.0,1541,71,556,477,-10,0.4945537225148911,0.525974025974026,1
1921,WS1,80,73,704,738,1468,42,462,472.0,1568,51,442,452,-34,0.4784351845033948,0.5228758169934641,1
1921,BRO,77,75,667,681,1476,59,325,400.0,1556,46,361,471,-14,0.4904978351393115,0.506578947368421,1
1921,BSN,79,74,721,697,1561,61,377,470.0,1488,54,420,382,24,0.5154831280652254,0.5163398692810458,1
1921,CHN,64,89,668,773,1553,37,343,374.0,1605,67,409,441,-105,0.4336036325188201,0.41830065359477125,0
1921,CIN,70,83,618,649,1421,20,375,308.0,1500,37,305,408,-31,0.47762295924034964,0.45751633986928103,0
1921,NY1,94,59,840,637,1575,75,469,390.0,1497,79,295,357,203,0.6239239241891705,0.6143790849673203,1
1921,PHI,51,103,617,919,1512,88,294,615.0,1665,79,371,333,-302,0.3253915350551755,0.33116883116883117,0
1921,PIT,90,63,692,595,1533,37,341,371.0,1448,37,322,500,97,0.5686572657652316,0.5882352941176471,1
1921,SLN,87,66,809,681,1635,83,382,452.0,1486,61,399,464,128,0.5781523042953945,0.5686274509803921,1
1922,BOS,61,93,598,769,1392,45,366,455.0,1508,48,503,359,-171,0.38692761108713464,0.3961038961038961,0
1922,CHA,77,77,691,691,1463,45,482,463.0,1472,57,529,484,0,0.5,0.5,0
1922,CLE,78,76,768,817,1544,32,554,331.0,1605,58,464,489,-49,0.47173408607122075,0.5064935064935064,1
1922,DET,79,75,828,791,1641,54,530,378.0,1554,62,473,461,37,0.5209025082712868,0.512987012987013,1
1922,NYA,94,60,758,618,1504,95,497,532.0,1402,73,423,458,140,0.5923471036155084,0.6103896103896104,1
1922,PHA,65,89,705,830,1409,111,437,591.0,1573,107,469,373,-125,0.4258735851364667,0.42207792207792205,0
1922,SLA,93,61,867,643,1693,98,473,381.0,1412,71,419,534,224,0.6334338276875229,0.6038961038961039,1
1922,WS1,69,85,650,706,1395,45,458,442.0,1485,49,500,422,-56,0.46226278606240034,0.44805194805194803,0
1922,BRO,76,78,743,754,1569,56,339,318.0,1574,74,490,499,-11,0.49327683732951405,0.4935064935064935,0
1922,BSN,53,100,596,822,1355,32,387,451.0,1565,57,489,360,-226,0.35701479245663637,0.3464052287581699,0
1922,CHN,80,74,771,808,1564,42,525,447.0,1579,77,475,402,-37,0.47856842866355515,0.5194805194805194,1
1922,CIN,86,68,766,677,1561,45,436,381.0,1481,49,326,357,89,0.5562668954858426,0.5584415584415584,1
1922,NY1,93,61,852,658,1661,80,448,421.0,1454,71,393,388,194,0.6160553282279648,0.6038961038961039,1
1922,PHI,57,96,738,920,1537,116,450,611.0,1692,89,460,394,-182,0.40049894135244807,0.37254901960784315,0
1922,PIT,85,69,865,736,1698,52,423,326.0,1613,52,358,490,129,0.5733528216646755,0.551948051948052,1
1922,SLN,85,69,863,819,1634,107,447,425.0,1609,61,447,465,44,0.5239229725948575,0.551948051948052,1
1923,BOS,61,91,584,809,1354,34,391,480.0,1534,48,520,412,-225,0.35516930111709566,0.40131578947368424,0
1923,CHA,69,85,692,741,1463,42,532,458.0,1512,49,534,467,-49,0.46874110923632484,0.44805194805194803,0
1923,CLE,82,71,888,746,1594,59,633,384.0,1517,36,465,407,142,0.5790489453998092,0.5359477124183006,1
1923,DET,83,71,831,741,1579,41,596,385.0,1502,58,449,447,90,0.5522513795023152,0.538961038961039,1
1923,NYA,98,54,823,622,1554,105,521,516.0,1365,68,491,506,201,0.625375827797915,0.6447368421052632,1
1923,PHA,69,83,661,761,1407,53,445,517.0,1465,68,550,400,-100,0.4359022532358863,0.45394736842105265,0
1923,SLA,74,78,688,720,1489,82,442,423.0,1430,59,528,488,-32,0.47921295244332907,0.4868421052631579,0
1923,WS1,75,78,720,747,1436,26,532,448.0,1527,56,563,474,-27,0.48316397456302385,0.49019607843137253,0
1923,BRO,76,78,753,741,1559,62,425,382.0,1503,55,476,548,12,0.5073490263667495,0.4935064935064935,0
1923,BSN,54,100,636,798,1455,32,429,404.0,1662,64,394,351,-162,0.3976550510764939,0.35064935064935066,0
1923,CHN,83,71,756,704,1516,90,455,485.0,1419,86,435,408,52,0.5325567034358294,0.538961038961039,1
1923,CIN,91,63,708,629,1506,45,439,367.0,1465,28,359,450,79,0.5539176594983288,0.5909090909090909,1
1923,NY1,95,58,854,679,1610,85,487,406.0,1440,82,424,453,175,0.6033964846880258,0.6209150326797386,1
1923,PHI,50,104,748,1008,1528,112,414,556.0,1801,100,549,384,-260,0.3668100164806066,0.3246753246753247,0
1923,PIT,87,67,786,696,1592,49,407,362.0,1513,53,402,414,90,0.5554067852518065,0.564935064935065,1
1923,SLN,79,74,746,732,1582,63,438,446.0,1539,70,456,398,14,0.5086665088962218,0.5163398692810458,1
1924,BOS,67,87,737,806,1481,30,603,417.0,1563,43,523,414,-69,0.45914692465115275,0.43506493506493504,0
1924,CHA,66,87,793,858,1512,41,604,418.0,1635,52,512,360,-65,0.46402004619081794,0.43137254901960786,0
1924,CLE,67,86,755,814,1580,41,492,371.0,1603,43,503,315,-59,0.46563078799199076,0.43790849673202614,0
1924,DET,86,68,849,796,1604,35,607,400.0,1586,55,467,441,53,0.5294563011299656,0.5584415584415584,1
1924,NYA,89,63,798,667,1516,98,478,420.0,1483,59,522,487,131,0.5813098932054401,0.5855263157894737,1
1924,PHA,71,81,685,778,1459,63,374,482.0,1527,43,597,371,-93,0.4420187481371871,0.46710526315789475,0
1924,SLA,74,78,769,809,1543,67,465,349.0,1511,68,517,386,-40,0.4768177468312244,0.4868421052631579,0
1924,WS1,92,62,755,613,1558,22,513,392.0,1329,34,505,469,142,0.5941831482249922,0.5974025974025974,1
1924,BRO,92,62,717,675,1534,72,447,357.0,1432,58,403,638,42,0.5275880932456531,0.5974025974025974,1
1924,BSN,53,100,520,800,1355,25,354,451.0,1607,49,402,364,-280,0.3125267752948785,0.3464052287581699,0
1924,CHN,81,72,698,699,1419,66,469,521.0,1459,89,438,416,-1,0.49934502531645597,0.5294117647058824,1
1924,CIN,83,70,649,579,1539,36,349,334.0,1408,30,293,451,70,0.5520256008708958,0.5424836601307189,1
1924,NY1,93,60,857,641,1634,95,467,479.0,1464,77,392,406,216,0.6298206515102016,0.6078431372549019,1
1924,PHI,55,96,676,849,1459,94,382,452.0,1689,84,469,349,-173,0.3972360477375837,0.36423841059602646,0
1924,PIT,90,63,724,588,1517,44,366,396.0,1387,42,323,364,136,0.5940558942426373,0.5882352941176471,1
1924,SLN,65,89,740,750,1552,67,382,418.0,1528,70,486,393,-10,0.4938592769690934,0.42207792207792205,0
1925,BOS,47,105,639,922,1375,41,513,422.0,1615,67,510,310,-283,0.33828356884704774,0.3092105263157895,0
1925,CHA,79,75,811,770,1482,38,662,405.0,1579,69,489,374,41,0.5237161644210655,0.512987012987013,1
1925,CLE,70,84,782,817,1613,52,520,379.0,1604,41,493,345,-35,0.4799793679178226,0.45454545454545453,0
1925,DET,81,73,903,829,1621,50,640,386.0,1582,70,556,419,74,0.5390377340317365,0.525974025974026,1
1925,NYA,69,85,706,774,1471,110,470,482.0,1560,78,505,492,-68,0.45802883852825577,0.44805194805194803,0
1925,PHA,88,64,831,713,1659,76,453,432.0,1468,60,544,495,118,0.5696103391664362,0.5789473684210527,1
1925,SLA,82,71,900,906,1620,110,498,375.0,1588,99,675,419,-6,0.49696015916044184,0.5359477124183006,1
1925,WS1,96,55,829,670,1577,56,533,427.0,1434,49,543,463,159,0.5962067877708226,0.6357615894039735,1
1925,BRO,68,85,786,866,1617,64,437,383.0,1608,75,477,518,-80,0.4557712905204713,0.4444444444444444,0
1925,BSN,70,83,708,802,1567,41,405,380.0,1567,67,458,351,-94,0.44321207039231153,0.45751633986928103,0
1925,CHN,68,86,723,773,1473,86,397,470.0,1575,102,485,435,-50,0.4694451743980084,0.44155844155844154,0
1925,CIN,80,73,690,643,1490,44,409,327.0,1447,35,324,437,47,0.5322304415626286,0.5228758169934641,1
1925,NY1,86,66,736,702,1507,114,411,494.0,1532,73,408,446,34,0.5216247486562196,0.5657894736842105,1
1925,PHI,68,85,812,930,1598,100,456,542.0,1753,117,444,371,-118,0.4382414369253258,0.4444444444444444,0
1925,PIT,95,58,912,715,1651,78,499,363.0,1526,81,387,386,197,0.6095316903134462,0.6209150326797386,1
1925,SLN,77,76,828,764,1592,109,446,414.0,1480,86,470,428,64,0.5367374299411819,0.5032679738562091,1
1926,BOS,46,107,562,835,1325,32,465,450.0,1520,45,546,336,-273,0.3263914624825348,0.3006535947712418,0
1926,CHA,81,72,730,665,1508,32,556,381.0,1426,47,506,458,65,0.5425620508508417,0.5294117647058824,1
1926,CLE,88,66,738,612,1529,27,455,332.0,1412,49,450,381,126,0.5848212566587923,0.5714285714285714,1
1926,DET,79,75,793,830,1547,36,599,423.0,1570,58,555,469,-37,0.47914896549850255,0.512987012987013,1
1926,NYA,91,63,847,713,1508,121,642,580.0,1442,56,478,486,134,0.5781445665253007,0.5909090909090909,1
1926,PHA,83,67,677,570,1359,61,523,452.0,1362,38,451,571,107,0.5780622789235442,0.5533333333333333,1
1926,SLA,62,92,682,845,1449,72,437,465.0,1549,86,654,337,-163,0.4031921983077103,0.4025974025974026,0
1926,WS1,81,69,802,761,1525,43,555,369.0,1489,45,566,418,41,0.523988994757758,0.54,1
1926,BRO,71,82,623,705,1348,40,475,464.0,1440,50,472,517,-82,0.44366969165193026,0.46405228758169936,0
1926,BSN,66,86,624,719,1444,16,426,348.0,1536,46,455,408,-95,0.43552814315165606,0.4342105263157895,0
1926,CHN,82,72,682,602,1453,66,445,447.0,1407,39,486,508,80,0.5568365654807539,0.5324675324675324,1
1926,CIN,87,67,747,651,1541,35,454,333.0,1449,40,324,424,96,0.56260144098681,0.564935064935065,1
1926,NY1,74,77,663,668,1435,73,339,420.0,1370,70,427,419,-5,0.49656277276418925,0.4900662251655629,0
1926,PHI,58,93,687,900,1479,75,422,479.0,1699,68,454,331,-213,0.37890214612012857,0.3841059602649007,0
1926,PIT,84,69,769,689,1514,44,434,350.0,1422,50,455,387,80,0.5500876760087097,0.5490196078431373,1
1926,SLN,89,65,817,678,1541,90,478,518.0,1423,76,397,365,139,0.5845014183114751,0.577922077922078,1
1927,BOS,51,103,597,856,1348,28,430,456.0,1603,56,558,381,-259,0.34086396515751227,0.33116883116883117,0
1927,CHA,70,83,662,708,1433,36,493,389.0,1467,55,440,365,-46,0.469304468826095,0.45751633986928103,0
1927,CLE,66,87,668,766,1471,26,381,366.0,1542,37,508,366,-98,0.43769649479227724,0.43137254901960786,0
1927,DET,82,71,845,805,1533,51,587,420.0,1542,52,577,421,40,0.522171615747895,0.5359477124183006,1
1927,NYA,110,44,975,599,1644,158,635,605.0,1403,42,409,431,376,0.7092061909061783,0.7142857142857143,1
1927,PHA,91,63,841,726,1606,56,551,326.0,1467,65,442,553,115,0.5668685572662758,0.5909090909090909,1
1927,SLA,59,94,724,904,1440,55,443,420.0,1592,79,604,385,-180,0.39979256834027693,0.38562091503267976,0
1927,WS1,85,69,782,730,1549,29,498,359.0,1434,53,491,497,52,0.5314391374592887,0.551948051948052,1
1927,BRO,65,88,541,619,1314,39,368,494.0,1382,63,418,574,-78,0.4386912202624899,0.42483660130718953,0
1927,BSN,60,94,651,771,1498,37,346,363.0,1602,43,468,402,-120,0.4232130905105742,0.38961038961038963,0
1927,CHN,85,68,750,661,1505,74,481,492.0,1439,50,514,465,89,0.5575351294291545,0.5555555555555556,1
1927,CIN,75,78,643,653,1439,29,402,332.0,1472,36,316,407,-10,0.4929401439166018,0.49019607843137253,0
1927,NY1,92,62,817,720,1594,109,461,462.0,1520,77,453,442,97,0.557566060294811,0.5974025974025974,1
1927,PHI,51,103,678,903,1487,57,434,482.0,1710,84,462,377,-225,0.3718162973593139,0.33116883116883117,0
1927,PIT,94,60,817,659,1648,54,437,355.0,1400,58,418,435,158,0.5970757655669958,0.6103896103896104,1
1927,SLN,92,61,754,665,1450,84,484,511.0,1416,72,363,394,89,0.5572127577778103,0.6013071895424836,1
1928,BOS,57,96,589,770,1356,38,389,512.0,1492,49,452,407,-181,0.37980529574040256,0.37254901960784315,0
1928,CHA,72,82,656,725,1405,24,469,488.0,1518,66,501,418,-69,0.4543723209186031,0.4675324675324675,0
1928,CLE,62,92,674,830,1535,34,377,426.0,1615,52,511,416,-156,0.40588623117544614,0.4025974025974026,0
1928,DET,68,86,744,804,1476,62,469,438.0,1481,58,567,451,-60,0.46457655367298417,0.44155844155844154,0
1928,NYA,101,53,894,685,1578,133,562,544.0,1466,59,452,487,209,0.6194713763193495,0.6558441558441559,1
1928,PHA,98,55,829,615,1540,89,533,442.0,1349,66,424,607,214,0.633307887779064,0.6405228758169934,1
1928,SLA,82,72,772,742,1431,63,548,479.0,1487,93,454,456,30,0.5181252072216037,0.5324675324675324,1
1928,WS1,75,79,718,705,1510,40,481,390.0,1420,40,466,462,13,0.5083585542903806,0.487012987012987,0
1928,BRO,77,76,665,640,1393,66,557,510.0,1378,59,468,551,25,0.5175237002202947,0.5032679738562091,1
1928,BSN,50,103,631,878,1439,52,447,377.0,1596,100,524,343,-247,0.35330946279071873,0.32679738562091504,0
1928,CHN,91,63,714,615,1460,92,508,517.0,1383,56,508,531,99,0.5678653425720107,0.5909090909090909,1
1928,CIN,78,74,648,686,1449,32,386,330.0,1516,58,410,355,-38,0.4739520818195463,0.5131578947368421,1
1928,NY1,93,61,807,653,1600,118,444,376.0,1454,77,405,399,154,0.5956798072932759,0.6038961038961039,1
1928,PHI,43,109,660,957,1396,85,503,510.0,1660,108,675,404,-297,0.3362699382432836,0.28289473684210525,0
1928,PIT,85,67,837,704,1659,52,435,352.0,1422,66,446,385,133,0.5785133837172135,0.5592105263157895,1
1928,SLN,95,59,807,636,1505,113,568,438.0,1470,86,399,422,171,0.6072503938247938,0.6168831168831169,1
1929,BOS,58,96,605,803,1377,28,413,494.0,1537,78,496,416,-198,0.37329170029193304,0.37662337662337664,0
1929,CHA,59,93,627,792,1406,37,425,436.0,1481,84,505,328,-165,0.3947198400316956,0.3881578947368421,0
1929,CLE,81,71,717,736,1525,62,453,363.0,1570,56,488,389,-19,0.48803670146489236,0.5328947368421053,1
1929,DET,70,84,926,928,1671,110,521,496.0,1641,73,646,467,-2,0.49901294588316064,0.45454545454545453,0
1929,NYA,88,66,899,775,1587,142,554,518.0,1475,83,485,484,124,0.5674877735178894,0.5714285714285714,1
1929,PHA,104,46,901,615,1539,122,543,440.0,1371,73,487,573,286,0.6679318373350303,0.6933333333333334,1
1929,SLA,79,73,733,713,1426,46,589,431.0,1469,100,462,415,20,0.5126537063157911,0.5197368421052632,1
1929,WS1,71,81,730,776,1445,48,556,400.0,1429,48,496,494,-46,0.47207219438959874,0.46710526315789475,0
1929,BRO,70,83,755,888,1535,99,504,454.0,1553,92,549,549,-133,0.4263094108408067,0.45751633986928103,0
1929,BSN,56,98,657,876,1481,33,408,432.0,1604,103,530,366,-219,0.3713433365298488,0.36363636363636365,0
1929,CHN,98,54,982,758,1655,139,589,567.0,1542,77,537,548,224,0.6162831245442589,0.6447368421052632,1
1929,CIN,66,88,686,760,1478,34,412,347.0,1558,61,413,347,-74,0.45327010668828654,0.42857142857142855,0
1929,NY1,84,67,897,709,1594,136,482,405.0,1536,102,387,431,188,0.6059731476220696,0.5562913907284768,1
1929,PHI,71,82,897,1032,1693,153,573,470.0,1743,122,616,369,-135,0.436208910349602,0.46405228758169936,0
1929,PIT,88,65,904,780,1663,60,503,335.0,1530,96,439,409,124,0.5670904147484697,0.5751633986928104,1
1929,SLN,78,74,831,806,1569,100,490,455.0,1604,101,474,453,25,0.5139711811260915,0.5131578947368421,1
1930,BOS,52,102,612,814,1393,47,358,552.0,1515,75,488,356,-202,0.3723923066516183,0.33766233766233766,0
1930,CHA,62,92,729,884,1496,63,389,479.0,1629,74,407,471,-155,0.4127051701217565,0.4025974025974026,0
1930,CLE,81,73,890,915,1654,72,490,461.0,1663,85,528,441,-25,0.48732877303561095,0.525974025974026,1
1930,DET,75,79,783,833,1504,82,461,508.0,1507,86,570,574,-50,0.4717105616635191,0.487012987012987,0
1930,NYA,86,68,1062,898,1683,152,644,569.0,1566,93,524,572,164,0.5761436971305113,0.5584415584415584,1
1930,PHA,102,52,951,751,1573,125,599,531.0,1457,84,488,672,200,0.6063698598216125,0.6623376623376623,1
1930,SLA,64,90,751,886,1415,75,497,550.0,1639,124,449,470,-135,0.42494164307213106,0.4155844155844156,0
1930,WS1,94,60,892,689,1620,57,537,438.0,1367,52,504,524,203,0.6159874833678756,0.6103896103896104,1
1930,BRO,86,68,871,738,1654,122,481,541.0,1480,115,394,526,133,0.5752313447924615,0.5584415584415584,1
1930,BSN,70,84,693,835,1503,66,332,397.0,1624,117,475,424,-142,0.4155386173214956,0.45454545454545453,0
1930,CHN,90,64,998,870,1722,171,588,635.0,1642,111,528,601,128,0.5624683742510339,0.5844155844155844,1
1930,CIN,59,95,665,857,1475,74,445,489.0,1650,75,394,361,-192,0.3859944190563056,0.38311688311688313,0
1930,NY1,87,67,959,814,1769,143,422,382.0,1546,117,439,522,145,0.5744408538225365,0.564935064935065,1
1930,PHI,52,102,944,1199,1783,126,450,459.0,1993,142,543,384,-255,0.3923167826483926,0.33766233766233766,0
1930,PIT,80,74,891,928,1622,86,494,449.0,1730,128,438,393,-37,0.4813941528623734,0.5194805194805194,1
1930,SLN,92,62,1004,784,1732,104,479,496.0,1596,87,476,639,220,0.6112641325422966,0.5974025974025974,1
1931,BOS,62,90,625,800,1409,37,405,565.0,1559,54,473,365,-175,0.3889438314940303,0.40789473684210525,0
1931,CHA,56,97,704,939,1423,27,483,445.0,1613,82,588,421,-235,0.3711916684532788,0.3660130718954248,0
1931,CLE,78,76,885,833,1612,71,555,433.0,1577,64,561,470,52,0.5276751418819615,0.5064935064935064,1
1931,DET,61,93,651,836,1456,43,480,468.0,1549,79,597,511,-185,0.3875273843467843,0.3961038961038961,0
1931,NYA,94,59,1067,760,1667,155,748,554.0,1461,67,543,686,307,0.6504224630951756,0.6143790849673203,1
1931,PHA,107,45,858,626,1544,118,528,543.0,1342,73,457,574,232,0.6403570834543332,0.7039473684210527,1
1931,SLA,63,91,722,870,1455,76,488,580.0,1623,84,444,436,-148,0.4155091299705776,0.4090909090909091,0
1931,WS1,92,62,843,691,1588,49,481,459.0,1434,73,498,582,152,0.5899729742846512,0.5974025974025974,1
1931,BRO,79,73,681,673,1464,71,409,512.0,1520,56,351,546,8,0.5054060560769886,0.5197368421052632,1
1931,BSN,64,90,533,680,1367,34,368,430.0,1465,66,406,419,-147,0.3903751389814904,0.4155844155844156,0
1931,CHN,84,70,828,710,1578,84,577,641.0,1448,54,524,541,118,0.56987941283088,0.5454545454545454,1
1931,CIN,58,96,592,742,1439,21,403,463.0,1545,51,399,317,-150,0.39812303104805835,0.37662337662337664,0
1931,NY1,87,65,768,599,1554,101,383,395.0,1341,71,422,570,169,0.6117814097330178,0.5723684210526315,1
1931,PHI,66,88,684,828,1502,81,437,492.0,1603,75,511,499,-144,0.4134718852850636,0.42857142857142855,0
1931,PIT,75,79,636,691,1425,41,493,454.0,1489,55,442,345,-55,0.46212705497093315,0.487012987012987,0
1931,SLN,101,53,815,614,1554,60,432,475.0,1470,65,449,626,201,0.6267369529402803,0.6558441558441559,1
1932,BOS,43,111,566,915,1331,53,469,539.0,1574,79,612,365,-349,0.2933842427206236,0.2792207792207792,0
1932,CHA,49,102,667,897,1426,36,459,386.0,1551,88,580,379,-230,0.36768375635258,0.32450331125827814,0
1932,CLE,87,65,845,747,1544,78,566,454.0,1506,70,446,439,98,0.5561587296706103,0.5723684210526315,1
1932,DET,76,75,799,787,1479,80,486,523.0,1421,89,592,521,12,0.5069227666242243,0.5033112582781457,1
1932,NYA,107,47,1002,724,1564,160,766,527.0,1425,93,561,780,278,0.6444382920320482,0.6948051948051948,1
1932,PHA,94,60,981,752,1606,172,647,630.0,1477,112,511,595,229,0.6192768906521399,0.6103896103896104,1
1932,SLA,63,91,736,898,1502,67,507,528.0,1592,103,574,496,-162,0.409977084883137,0.4090909090909091,0
1932,WS1,93,61,840,716,1565,61,505,442.0,1463,73,526,437,124,0.572556855333697,0.6038961038961039,1
1932,BRO,81,73,752,747,1538,110,388,574.0,1538,72,403,497,5,0.5030520081030031,0.525974025974026,1
1932,BSN,77,77,649,655,1460,63,347,496.0,1483,61,420,440,-6,0.4957899470882586,0.5,0
1932,CHN,90,64,720,633,1519,69,398,514.0,1444,68,409,527,87,0.5586460298664062,0.5844155844155844,1
1932,CIN,60,94,575,715,1429,47,436,436.0,1505,69,276,359,-140,0.40160552246204634,0.38961038961038963,0
1932,NY1,72,82,755,706,1527,116,348,391.0,1533,112,387,506,49,0.5306608802187383,0.4675324675324675,0
1932,PHI,78,76,844,796,1608,122,446,547.0,1589,107,450,459,48,0.5267625371008894,0.5064935064935064,1
1932,PIT,86,68,701,711,1543,48,358,385.0,1472,86,338,377,-10,0.4935200845027688,0.5584415584415584,1
1932,SLN,72,82,684,717,1467,76,420,514.0,1533,76,455,681,-33,0.47845689613211695,0.4675324675324675,0
1933,BOS,63,86,700,758,1407,50,525,464.0,1396,75,591,467,-58,0.4636458702457035,0.4228187919463087,0
1933,CHA,67,83,683,814,1448,43,538,416.0,1505,85,519,423,-131,0.4204072355353059,0.44666666666666666,0
1933,CLE,75,76,654,669,1366,50,448,426.0,1382,60,465,437,-15,0.48962689438058843,0.4966887417218543,0
1933,DET,75,79,722,733,1479,57,475,523.0,1415,84,561,575,-11,0.4930827837798527,0.487012987012987,0
1933,NYA,91,59,927,768,1495,144,700,506.0,1426,66,612,711,159,0.5852443287940565,0.6066666666666667,1
1933,PHA,79,72,875,853,1519,139,625,618.0,1523,77,644,423,22,0.5116478273013028,0.5231788079470199,1
1933,SLA,55,96,669,820,1337,64,520,556.0,1574,96,531,426,-151,0.40795105312105373,0.36423841059602646,0
1933,WS1,99,53,850,665,1586,60,539,395.0,1415,64,452,447,185,0.6104424074261243,0.6513157894736842,1
1933,BRO,65,88,617,695,1413,62,397,453.0,1502,51,374,415,-78,0.4457522798713331,0.42483660130718953,0
1933,BSN,83,71,552,531,1320,54,326,428.0,1391,54,355,383,21,0.5177371605207606,0.538961038961039,1
1933,CHN,86,68,646,536,1422,72,392,475.0,1316,51,413,488,110,0.5845785412572675,0.5584415584415584,1
1933,CIN,58,94,496,643,1267,34,349,354.0,1470,47,257,310,-147,0.3834309187188754,0.3815789473684211,0
1933,NY1,91,61,636,515,1437,82,377,477.0,1280,61,400,555,121,0.59536468827721,0.5986842105263158,1
1933,PHI,60,92,607,760,1439,60,381,479.0,1563,87,410,341,-153,0.3985848541147411,0.39473684210526316,0
1933,PIT,87,67,667,619,1548,39,366,334.0,1417,54,313,401,48,0.5341151955820792,0.564935064935065,1
1933,SLN,82,71,687,609,1486,57,391,528.0,1391,55,452,635,78,0.5549136789187735,0.5359477124183006,1
1934,BOS,76,76,820,775,1465,51,610,535.0,1527,70,543,538,45,0.5257989678283418,0.5,0
1934,CHA,53,99,704,946,1395,71,565,524.0,1599,139,628,506,-242,0.3680248735129019,0.34868421052631576,0
1934,CLE,85,69,814,763,1550,100,526,433.0,1476,70,582,554,51,0.5295667828161131,0.551948051948052,1
1934,DET,101,53,958,708,1644,74,639,528.0,1467,86,488,640,250,0.6349237651036419,0.6558441558441559,1
1934,NYA,94,60,842,669,1494,135,700,597.0,1349,71,542,656,173,0.6036968205133139,0.6103896103896104,1
1934,PHA,68,82,764,838,1491,144,491,584.0,1429,84,693,480,-74,0.4578045820892052,0.4533333333333333,0
1934,SLA,67,85,674,800,1417,62,514,631.0,1499,94,632,499,-126,0.42222934564332565,0.4407894736842105,0
1934,WS1,66,86,729,806,1512,51,570,447.0,1622,74,503,412,-77,0.4541912389939292,0.4342105263157895,0
1934,BRO,71,81,748,795,1526,79,548,555.0,1540,81,475,520,-47,0.47214920263221866,0.46710526315789475,0
1934,BSN,78,73,683,714,1460,83,375,440.0,1512,78,405,462,-31,0.4797036019842236,0.5165562913907285,1
1934,CHN,86,65,705,639,1494,101,375,630.0,1432,80,417,633,66,0.544848347196965,0.5695364238410596,1
1934,CIN,52,99,590,801,1428,55,313,532.0,1645,61,389,438,-211,0.36366285929921766,0.3443708609271523,0
1934,NY1,93,60,760,583,1485,126,406,526.0,1384,75,351,499,177,0.6189727093548728,0.6078431372549019,1
1934,PHI,56,93,675,794,1480,56,398,534.0,1501,126,437,416,-119,0.42625714681759996,0.37583892617449666,0
1934,PIT,74,76,735,713,1541,52,440,398.0,1523,78,354,487,22,0.5138994215110454,0.49333333333333335,0
1934,SLN,95,58,799,656,1582,104,392,535.0,1463,77,411,689,143,0.5892525418640314,0.6209150326797386,1
1935,BOS,78,75,718,732,1458,69,609,470.0,1520,67,520,470,-14,0.49116616202578717,0.5098039215686274,1
1935,CHA,74,78,738,750,1460,74,580,405.0,1443,105,574,436,-12,0.49262134347414244,0.4868421052631579,0
1935,CLE,82,71,776,739,1573,93,460,567.0,1527,68,457,498,37,0.5223361033132377,0.5359477124183006,1
1935,DET,93,58,919,665,1573,106,627,456.0,1440,78,522,584,254,0.6438246680829375,0.6158940397350994,1
1935,NYA,89,60,818,632,1462,104,604,469.0,1276,91,516,594,186,0.6158784265837842,0.5973154362416108,1
1935,PHA,58,91,710,869,1470,112,475,602.0,1486,73,704,469,-159,0.40858861875343494,0.38926174496644295,0
1935,SLA,65,87,718,930,1446,73,593,561.0,1667,92,641,435,-212,0.38380035978324734,0.4276315789473684,0
1935,WS1,67,86,823,903,1591,32,596,406.0,1672,89,613,456,-80,0.45766102638039385,0.43790849673202614,0
1935,BRO,70,83,711,767,1496,59,430,520.0,1519,88,436,480,-56,0.46537045549935135,0.45751633986928103,0
1935,BSN,38,115,575,852,1396,75,353,436.0,1645,81,404,355,-277,0.32748411775170316,0.24836601307189543,0
1935,CHN,100,54,847,597,1581,88,464,471.0,1417,85,400,589,250,0.6547769591052882,0.6493506493506493,1
1935,CIN,68,85,646,772,1403,73,392,547.0,1490,65,438,500,-126,0.4191950565365402,0.4444444444444444,0
1935,NY1,91,62,770,675,1608,123,392,479.0,1433,106,411,524,95,0.5599527796218128,0.5947712418300654,1
1935,PHI,64,89,685,871,1466,92,392,661.0,1652,106,505,475,-186,0.39183429708465395,0.41830065359477125,0
1935,PIT,86,67,743,647,1543,66,457,437.0,1428,63,312,549,96,0.5629590624366453,0.5620915032679739,1
1935,SLN,96,58,829,625,1548,86,404,521.0,1445,68,377,602,204,0.6264266610554996,0.6233766233766234,1
1936,BOS,74,80,775,764,1485,86,584,465.0,1501,78,552,584,11,0.5065396994302604,0.4805194805194805,0
1936,CHA,81,70,920,873,1597,60,684,417.0,1603,104,578,414,47,0.52397204420923,0.5364238410596026,1
1936,CLE,80,74,921,862,1715,123,514,470.0,1604,73,607,619,59,0.5302516852788097,0.5194805194805194,1
1936,DET,83,71,921,871,1638,94,640,462.0,1568,100,562,526,50,0.5255145810639752,0.538961038961039,1
1936,NYA,102,51,1065,731,1676,182,700,594.0,1474,84,663,624,334,0.6656686398784549,0.6666666666666666,1
1936,PHA,53,100,714,1045,1443,72,524,590.0,1645,131,696,405,-331,0.3324716562610179,0.3464052287581699,0
1936,SLA,57,95,804,1064,1502,79,625,627.0,1776,115,609,399,-260,0.3745490212396226,0.375,0
1936,WS1,82,71,889,799,1601,62,576,398.0,1484,73,588,462,90,0.5486771866458792,0.5359477124183006,1
1936,BRO,67,87,662,752,1518,33,390,458.0,1466,84,528,651,-90,0.4419451426561926,0.43506493506493504,0
1936,BSN,71,83,631,715,1450,67,433,582.0,1566,69,451,421,-84,0.44307110128416577,0.461038961038961,0
1936,CHN,87,67,755,603,1545,76,491,462.0,1413,77,434,597,152,0.601419931988847,0.564935064935065,1
1936,CIN,74,80,722,760,1476,82,410,584.0,1576,51,418,459,-38,0.4765505329882041,0.4805194805194805,0
1936,NY1,92,62,742,621,1529,97,431,452.0,1458,75,401,500,121,0.5807305858255675,0.5974025974025974,1
1936,PHI,54,100,726,874,1538,103,451,586.0,1630,87,515,454,-148,0.4159259433937593,0.35064935064935066,0
1936,PIT,84,70,804,718,1596,60,517,502.0,1475,74,379,559,86,0.5515727671319641,0.5454545454545454,1
1936,SLN,87,67,795,794,1554,88,442,577.0,1610,89,434,559,1,0.5005758336792088,0.564935064935065,1
1937,BOS,80,72,821,775,1506,100,601,557.0,1518,92,597,682,46,0.5263550380176875,0.5263157894736842,1
1937,CHA,86,68,780,730,1478,67,549,447.0,1435,115,532,533,50,0.53027202412819,0.5584415584415584,1
1937,CLE,83,71,817,768,1499,103,570,551.0,1529,61,566,630,49,0.5282659139287793,0.538961038961039,1
1937,DET,89,65,935,841,1611,150,656,711.0,1521,102,635,485,94,0.5483230505463184,0.577922077922078,1
1937,NYA,102,52,979,671,1554,174,709,607.0,1417,92,506,652,308,0.6662572532426001,0.6623376623376623,1
1937,PHA,54,97,699,854,1398,94,583,557.0,1490,105,613,469,-155,0.4093838169201842,0.3576158940397351,0
1937,SLA,46,108,715,1023,1573,71,514,510.0,1768,143,653,468,-308,0.3417448157087731,0.2987012987012987,0
1937,WS1,73,80,757,841,1559,47,591,503.0,1498,96,671,524,-84,0.4520062229127081,0.477124183006536,0
1937,BRO,62,91,616,772,1401,37,469,583.0,1470,68,476,592,-156,0.398169084696758,0.40522875816993464,0
1937,BSN,79,73,579,556,1265,63,485,707.0,1344,60,372,387,23,0.5185358904651051,0.5197368421052632,1
1937,CHN,93,61,811,682,1537,96,538,496.0,1434,91,502,596,129,0.5785993597245864,0.6038961038961039,1
1937,CIN,56,98,612,707,1329,73,437,586.0,1428,38,533,581,-95,0.4343644491072674,0.36363636363636365,0
1937,NY1,95,57,732,602,1484,111,412,492.0,1341,85,404,653,130,0.5885095193512815,0.625,1
1937,PHI,61,92,724,869,1482,103,478,640.0,1629,116,501,529,-145,0.4172507402058374,0.39869281045751637,0
1937,PIT,86,68,704,646,1550,47,463,480.0,1398,71,428,643,58,0.5392543756478632,0.5584415584415584,1
1937,SLN,81,73,789,733,1543,94,385,569.0,1546,95,448,571,56,0.5336305794374256,0.525974025974026,1
1938,BOS,88,61,902,751,1566,98,650,463.0,1472,102,528,484,151,0.5830416356759957,0.5906040268456376,1
1938,CHA,65,83,709,752,1439,67,514,489.0,1449,101,550,432,-43,0.47308806847666873,0.4391891891891892,0
1938,CLE,86,66,847,782,1506,113,550,605.0,1416,100,681,717,65,0.5364646688419359,0.5657894736842105,1
1938,DET,84,70,862,795,1434,137,693,581.0,1532,110,608,435,67,0.5369502821529263,0.5454545454545454,1
1938,NYA,99,53,966,710,1480,174,749,616.0,1436,85,566,567,256,0.6372515649572142,0.6513157894736842,1
1938,PHA,53,99,726,956,1410,98,605,590.0,1573,142,599,473,-230,0.37668787876137966,0.34868421052631576,0
1938,SLA,55,97,755,962,1498,92,590,528.0,1584,132,737,632,-207,0.39093041054229793,0.3618421052631579,0
1938,WS1,75,76,814,873,1602,85,573,379.0,1472,92,655,515,-59,0.4680300256310516,0.4966887417218543,0
1938,BRO,69,80,704,710,1322,61,611,615.0,1464,88,446,469,-6,0.49611745218890313,0.46308724832214765,0
1938,BSN,77,75,561,618,1311,54,424,548.0,1375,66,465,413,-57,0.45584417479897416,0.506578947368421,1
1938,CHN,89,63,713,598,1435,65,522,476.0,1414,71,454,583,115,0.579782334522453,0.5855263157894737,1
1938,CIN,82,68,723,634,1495,110,366,518.0,1329,75,463,542,89,0.5598095814196988,0.5466666666666666,1
1938,NY1,83,67,705,637,1424,125,465,528.0,1370,87,389,497,68,0.546270609215304,0.5533333333333333,1
1938,PHI,45,105,550,840,1318,40,423,507.0,1516,76,582,492,-290,0.31540389497151683,0.3,0
1938,PIT,86,64,707,630,1511,65,485,409.0,1406,71,432,557,77,0.5525598207151989,0.5733333333333334,1
1938,SLN,71,80,725,721,1542,91,412,492.0,1482,77,474,534,4,0.5025311051671392,0.47019867549668876,0
1939,BOS,89,62,890,795,1543,124,591,505.0,1533,77,543,539,95,0.5514594469388596,0.5894039735099338,1
1939,CHA,85,69,755,737,1451,64,579,502.0,1470,99,454,535,18,0.5110376161451785,0.551948051948052,1
1939,CLE,87,67,797,700,1490,85,557,574.0,1394,75,602,614,97,0.5590942793954299,0.564935064935065,1
1939,DET,81,73,849,762,1487,124,620,592.0,1430,104,574,633,87,0.5493008178188151,0.525974025974026,1
1939,NYA,106,45,967,556,1521,166,701,543.0,1208,85,567,565,411,0.7335633132344815,0.7019867549668874,1
1939,PHA,55,97,711,1022,1438,98,503,532.0,1687,148,579,397,-311,0.3398404862339192,0.3618421052631579,0
1939,SLA,43,111,733,1035,1453,91,559,606.0,1724,133,739,516,-302,0.3471999283521382,0.2792207792207792,0
1939,WS1,65,87,702,797,1483,44,547,460.0,1420,75,602,521,-95,0.442193161127049,0.4276315789473684,0
1939,BRO,84,69,708,645,1420,78,564,639.0,1431,93,399,528,63,0.5425331115945979,0.5490196078431373,1
1939,BSN,63,88,572,659,1395,56,366,494.0,1400,63,513,430,-87,0.43558503132201215,0.41721854304635764,0
1939,CHN,84,70,724,678,1407,91,523,553.0,1504,74,430,584,46,0.5299961138620362,0.5454545454545454,1
1939,CIN,97,57,767,595,1493,98,500,538.0,1340,81,499,637,172,0.6141246366423663,0.6298701298701299,1
1939,NY1,77,74,703,685,1395,116,498,499.0,1412,86,477,505,18,0.5118644319541585,0.5099337748344371,1
1939,PHI,45,106,553,856,1341,49,421,486.0,1502,106,579,447,-303,0.31012186229647704,0.2980132450331126,0
1939,PIT,68,85,666,721,1453,63,477,420.0,1537,70,423,464,-55,0.46376127349371776,0.4444444444444444,0
1939,SLN,92,61,779,633,1601,98,475,566.0,1377,76,498,603,146,0.5938247056129845,0.6013071895424836,1
1940,BOS,82,72,872,825,1566,145,590,597.0,1568,124,625,613,47,0.525326568318679,0.5324675324675324,1
1940,CHA,82,72,735,672,1499,73,496,569.0,1335,111,480,574,63,0.5409059307378341,0.5324675324675324,1
1940,CLE,89,65,710,637,1422,101,519,597.0,1328,86,512,686,73,0.5494741875257068,0.577922077922078,1
1940,DET,90,64,888,717,1549,134,664,556.0,1425,102,570,752,171,0.5966267752356627,0.5844155844155844,1
1940,NYA,88,66,817,671,1371,155,648,606.0,1389,119,511,559,146,0.5891062815453331,0.5714285714285714,1
1940,PHA,54,100,703,932,1391,105,556,656.0,1543,135,534,488,-229,0.3737843113546272,0.35064935064935066,0
1940,SLA,67,87,757,882,1423,118,556,642.0,1592,113,646,439,-125,0.4305330370110137,0.43506493506493504,0
1940,WS1,64,90,665,811,1453,52,468,504.0,1494,93,618,618,-146,0.41018025722968005,0.4155844155844156,0
1940,BRO,88,65,697,621,1421,93,522,570.0,1366,101,393,639,76,0.552624737612477,0.5751633986928104,1
1940,BSN,65,87,623,745,1366,59,402,581.0,1444,83,573,435,-122,0.41890429419703623,0.4276315789473684,0
1940,CHN,75,79,681,636,1441,86,482,566.0,1418,74,430,564,45,0.5312356827171812,0.487012987012987,0
1940,CIN,100,53,707,528,1427,89,453,503.0,1263,73,445,557,179,0.6304714617725565,0.6535947712418301,1
1940,NY1,72,80,663,659,1423,91,453,478.0,1383,110,473,606,4,0.5027685126816609,0.47368421052631576,0
1940,PHI,50,103,494,750,1225,75,435,527.0,1429,92,475,485,-256,0.31775808136862266,0.32679738562091504,0
1940,PIT,78,76,809,783,1511,76,553,494.0,1569,72,492,491,26,0.5149403472291528,0.5064935064935064,1
1940,SLN,84,69,747,699,1514,119,479,610.0,1457,83,488,550,48,0.5303472603790742,0.5490196078431373,1
1941,BOS,84,70,865,750,1517,124,683,567.0,1453,88,611,574,115,0.5648970985025581,0.5454545454545454,1
1941,CHA,77,77,638,649,1376,47,510,476.0,1362,89,521,564,-11,0.49217993446344227,0.5,0
1941,CLE,75,79,677,668,1350,103,512,605.0,1366,71,660,617,9,0.5061224619399247,0.487012987012987,0
1941,DET,75,79,686,743,1412,81,602,584.0,1399,80,645,697,-57,0.46354786240508233,0.487012987012987,0
1941,NYA,101,53,830,631,1464,151,616,565.0,1309,81,598,589,199,0.6228444963190396,0.6558441558441559,1
1941,PHA,64,90,713,840,1431,85,574,588.0,1516,136,557,386,-127,0.42556372600442355,0.4155844155844156,0
1941,SLA,70,84,765,823,1440,91,775,552.0,1563,120,549,454,-58,0.46661547587172253,0.45454545454545453,0
1941,WS1,70,84,728,798,1502,52,470,488.0,1524,69,603,544,-70,0.4580965659246797,0.45454545454545453,0
1941,BRO,100,54,800,581,1494,101,600,535.0,1236,81,495,603,219,0.6422964936736442,0.6493506493506493,1
1941,BSN,62,92,592,720,1357,48,471,608.0,1440,75,554,446,-128,0.41139231961310335,0.4025974025974026,0
1941,CHN,70,84,666,670,1323,99,559,670.0,1431,60,449,548,-4,0.4972604982693837,0.45454545454545453,0
1941,CIN,88,66,616,564,1288,64,477,428.0,1300,61,510,627,52,0.5402608122384971,0.5714285714285714,1
1941,NY1,74,79,667,706,1401,95,504,518.0,1455,90,539,566,-39,0.47402587752135855,0.48366013071895425,0
1941,PHI,43,111,501,793,1277,64,451,596.0,1499,79,606,552,-292,0.30145742556659916,0.2792207792207792,0
1941,PIT,81,73,690,643,1417,56,547,516.0,1392,66,492,410,47,0.5322304415626286,0.525974025974026,1
1941,SLN,97,56,734,589,1482,70,540,543.0,1289,85,502,659,145,0.5993485831993945,0.6339869281045751,1
1942,BOS,93,59,761,594,1451,103,591,508.0,1260,65,553,500,167,0.6114449078341498,0.6118421052631579,1
1942,CHA,66,82,538,609,1215,25,497,427.0,1304,74,473,432,-71,0.44353038327028665,0.44594594594594594,0
1942,CLE,75,79,590,659,1344,50,500,544.0,1353,61,560,448,-69,0.4495720773909749,0.487012987012987,0
1942,DET,73,81,589,587,1313,76,509,476.0,1321,60,598,671,2,0.5015561189250156,0.474025974025974,0
1942,NYA,103,51,801,507,1429,108,591,556.0,1259,71,431,558,294,0.6978225457995544,0.6688311688311688,1
1942,PHA,55,99,549,801,1315,33,440,490.0,1404,89,639,546,-252,0.33374274675739996,0.35714285714285715,0
1942,SLA,82,69,730,637,1354,98,609,607.0,1387,63,505,488,93,0.5620246371743871,0.543046357615894,1
1942,WS1,62,89,653,817,1364,40,581,536.0,1496,50,558,496,-164,0.398904113200268,0.4105960264900662,0
1942,BRO,104,50,742,510,1398,62,572,484.0,1205,73,493,612,232,0.6651071413914729,0.6753246753246753,1
1942,BSN,59,89,515,645,1216,68,474,507.0,1326,82,518,414,-130,0.39845598887686695,0.39864864864864863,0
1942,CHN,68,86,591,665,1360,75,509,607.0,1447,70,525,507,-74,0.4462369070418023,0.44155844155844154,0
1942,CIN,76,76,527,545,1216,66,483,549.0,1213,47,526,616,-18,0.48463958486737846,0.5,0
1942,NY1,85,67,675,600,1323,109,558,511.0,1299,94,493,497,75,0.553678081434473,0.5592105263157895,1
1942,PHI,42,109,394,706,1174,44,392,488.0,1328,61,605,472,-312,0.2559028506476883,0.2781456953642384,0
1942,PIT,66,81,585,631,1250,54,537,536.0,1376,62,435,426,-46,0.46542525477629,0.4489795918367347,0
1942,SLN,106,48,755,482,1454,60,551,507.0,1192,49,473,651,273,0.6945028364540216,0.6883116883116883,1
1943,BOS,68,84,563,607,1314,57,486,591.0,1369,61,615,513,-44,0.46562780727281816,0.4473684210526316,0
1943,CHA,82,72,573,594,1297,33,561,581.0,1352,54,501,476,-21,0.48353887792085437,0.5324675324675324,1
1943,CLE,82,71,600,577,1344,55,567,521.0,1234,52,606,585,23,0.5178748595463747,0.5359477124183006,1
1943,DET,78,76,632,560,1401,77,483,553.0,1226,51,549,706,72,0.5551109990527328,0.5064935064935064,1
1943,NYA,98,56,669,542,1350,100,624,562.0,1229,60,489,653,127,0.5951382419785759,0.6363636363636364,1
1943,PHA,49,105,497,717,1219,26,430,465.0,1421,73,536,503,-220,0.33834704761834056,0.3181818181818182,0
1943,SLA,72,80,596,604,1269,78,569,646.0,1397,74,488,572,-8,0.493900212263986,0.47368421052631576,0
1943,WS1,84,69,666,595,1328,47,605,579.0,1293,48,540,495,71,0.5513910576035735,0.5490196078431373,1
1943,BRO,81,72,716,674,1444,39,580,422.0,1326,59,637,588,42,0.5276277316689107,0.5294117647058824,1
1943,BSN,68,85,465,612,1213,39,469,609.0,1361,66,441,409,-147,0.37690833579264255,0.4444444444444444,0
1943,CHN,74,79,632,600,1380,52,574,522.0,1379,53,394,513,32,0.5237536860252433,0.48366013071895425,0
1943,CIN,87,67,608,543,1362,43,445,476.0,1299,38,579,498,65,0.5515437359583254,0.564935064935065,1
1943,NY1,55,98,558,713,1309,81,480,470.0,1474,80,626,588,-155,0.38969984041474803,0.35947712418300654,0
1943,PHI,64,90,571,676,1321,66,499,556.0,1436,59,451,431,-105,0.42338055521769397,0.4155844155844156,0
1943,PIT,80,74,669,605,1401,42,573,566.0,1424,44,422,396,64,0.5458748092627275,0.5194805194805194,1
1943,SLN,105,49,679,475,1515,70,428,438.0,1246,33,477,639,204,0.6578821564047395,0.6818181818181818,1
1944,BOS,77,77,739,676,1456,69,522,505.0,1404,66,592,524,63,0.5406753794033334,0.5,0
1944,CHA,71,83,543,662,1307,23,439,448.0,1411,68,420,481,-119,0.41032405567695895,0.461038961038961,0
1944,CLE,72,82,643,677,1458,70,512,593.0,1428,40,621,524,-34,0.476444054937417,0.4675324675324675,0
1944,DET,88,66,658,581,1405,60,532,500.0,1373,39,452,568,77,0.5566929384418648,0.5714285714285714,1
1944,NYA,83,71,674,617,1410,96,523,627.0,1351,82,532,529,57,0.5403373433860107,0.538961038961039,1
1944,PHA,72,82,525,594,1364,36,422,490.0,1345,58,390,534,-69,0.44374658349704627,0.4675324675324675,0
1944,SLA,89,65,684,587,1328,72,531,604.0,1392,58,469,581,97,0.5695137564073923,0.577922077922078,1
1944,WS1,64,90,592,664,1386,33,470,477.0,1410,48,475,503,-72,0.4476823997526101,0.4155844155844156,0
1944,BRO,63,91,690,832,1450,56,486,451.0,1471,75,660,487,-142,0.415210157578145,0.4090909090909091,0
1944,BSN,65,89,593,674,1299,79,456,509.0,1430,80,527,454,-81,0.44169018059104037,0.42207792207792205,0
1944,CHN,75,79,702,669,1425,71,520,521.0,1484,75,458,545,33,0.5220140836489884,0.487012987012987,0
1944,CIN,89,65,573,537,1340,51,423,391.0,1292,60,390,369,36,0.5296512545755926,0.577922077922078,1
1944,NY1,67,87,682,773,1398,93,512,480.0,1413,116,587,499,-91,0.4429479570944544,0.43506493506493504,0
1944,PHI,61,92,539,658,1331,55,470,500.0,1407,49,459,496,-119,0.40973389951844197,0.39869281045751637,0
1944,PIT,90,63,744,662,1441,70,573,616.0,1466,65,435,452,82,0.5532223919359817,0.5882352941176471,1
1944,SLN,105,49,772,490,1507,100,544,473.0,1228,55,468,637,282,0.6967522697267464,0.6818181818181818,1
1945,BOS,71,83,599,674,1393,50,541,534.0,1389,58,656,490,-75,0.4462380422950914,0.461038961038961,0
1945,CHA,71,78,596,633,1330,22,470,467.0,1400,63,448,486,-37,0.47247274942087053,0.47651006711409394,0
1945,CLE,73,72,557,548,1249,65,505,578.0,1269,39,501,497,9,0.507452101622914,0.503448275862069,1
1945,DET,88,65,633,565,1345,77,517,533.0,1305,48,538,588,68,0.5518058574700377,0.5751633986928104,1
1945,NYA,81,71,676,606,1343,93,618,567.0,1277,66,485,474,70,0.5498446292779079,0.5328947368421053,1
1945,PHA,52,98,494,638,1297,33,449,463.0,1380,55,571,531,-144,0.3850615329015461,0.3466666666666667,0
1945,SLA,81,70,597,548,1302,63,500,555.0,1307,59,506,570,49,0.5391011329445488,0.5364238410596026,1
1945,WS1,87,67,622,562,1375,27,545,489.0,1307,42,440,550,60,0.546275188396535,0.564935064935065,1
1945,BRO,87,67,795,724,1468,57,629,434.0,1357,74,586,557,71,0.5426952278920483,0.564935064935065,1
1945,BSN,67,85,721,728,1453,101,520,510.0,1474,99,557,404,-7,0.49557979091413756,0.4407894736842105,0
1945,CHN,98,56,735,532,1465,57,554,462.0,1301,57,385,541,203,0.6437104861982496,0.6363636363636364,1
1945,CIN,61,93,536,694,1317,56,392,532.0,1438,70,534,372,-158,0.38396362916504256,0.3961038961038961,0
1945,NY1,78,74,668,700,1439,114,501,457.0,1401,85,528,530,-32,0.4786056572375168,0.5131578947368421,1
1945,PHI,46,108,548,865,1278,56,449,501.0,1544,61,608,432,-317,0.3025232126977761,0.2987012987012987,0
1945,PIT,82,72,753,686,1425,72,590,480.0,1477,61,455,518,67,0.5425303061452288,0.5324675324675324,1
1945,SLN,95,59,756,583,1498,64,515,488.0,1351,70,497,510,173,0.616692543986683,0.6168831168831169,1
1946,BOS,104,50,792,594,1441,109,687,661.0,1359,89,501,667,198,0.6286566634701513,0.6753246753246753,1
1946,CHA,74,80,562,595,1364,37,501,600.0,1348,80,508,550,-33,0.4739189465004753,0.4805194805194805,0
1946,CLE,68,86,537,638,1285,79,506,697.0,1282,84,649,789,-101,0.4218014672035602,0.44155844155844154,0
1946,DET,92,62,704,567,1373,108,622,616.0,1277,97,497,896,137,0.5977375077356041,0.5974025974025974,1
1946,NYA,87,67,684,547,1275,136,627,706.0,1232,66,552,653,137,0.6008532730779207,0.564935064935065,1
1946,PHA,49,105,529,680,1317,40,482,594.0,1371,83,577,562,-151,0.3870994644137737,0.3181818181818182,0
1946,SLA,66,88,621,710,1350,84,465,713.0,1465,73,573,574,-89,0.43903016379284976,0.42857142857142855,0
1946,WS1,76,78,608,706,1388,60,511,641.0,1459,81,547,537,-98,0.4320539785859673,0.4935064935064935,0
1946,BRO,96,60,701,570,1376,55,691,575.0,1280,58,671,647,131,0.593529338513532,0.6153846153846154,1
1946,BSN,81,72,630,592,1377,44,558,468.0,1291,76,478,566,38,0.5284318277809475,0.5294117647058824,1
1946,CHN,82,71,626,581,1344,56,586,599.0,1370,58,527,619,45,0.5340764165162794,0.5359477124183006,1
1946,CIN,67,87,523,570,1262,65,493,604.0,1334,70,467,506,-47,0.46071104866782864,0.43506493506493504,0
1946,NY1,61,93,612,685,1326,121,532,546.0,1313,114,660,581,-73,0.448627822864855,0.3961038961038961,0
1946,PHI,69,85,560,705,1351,80,417,590.0,1442,73,542,490,-145,0.3961871340633964,0.44805194805194803,0
1946,PIT,63,91,552,668,1300,60,592,555.0,1406,50,561,458,-116,0.41361173740943014,0.4090909090909091,0
1946,SLN,98,58,712,545,1426,81,530,537.0,1326,63,493,607,167,0.6199048950614743,0.6282051282051282,1
1947,BOS,83,71,720,669,1412,103,666,590.0,1383,84,575,586,51,0.5335606852297206,0.538961038961039,1
1947,CHA,70,84,553,661,1350,53,492,527.0,1384,76,603,522,-108,0.41910114081313227,0.45454545454545453,0
1947,CLE,80,74,687,588,1392,112,502,609.0,1244,94,628,590,99,0.5707131657921855,0.5194805194805194,1
1947,DET,85,69,714,642,1363,103,762,565.0,1382,79,531,648,72,0.5484770475246128,0.551948051948052,1
1947,NYA,97,57,794,568,1439,115,610,581.0,1221,95,628,691,226,0.648620402883671,0.6298701298701299,1
1947,PHA,78,76,633,614,1311,61,605,563.0,1291,85,597,493,19,0.5139389258257909,0.5064935064935064,1
1947,SLA,59,95,564,744,1238,90,583,664.0,1426,103,604,552,-180,0.3759238468080009,0.38311688311688313,0
1947,WS1,64,90,496,675,1234,42,525,534.0,1408,63,579,551,-179,0.3626478030717015,0.4155844155844156,0
1947,BRO,94,60,774,668,1428,83,732,561.0,1299,104,626,592,106,0.5669773135069064,0.6103896103896104,1
1947,BSN,86,68,701,622,1444,85,558,500.0,1342,93,453,494,79,0.5544850555601843,0.5584415584415584,1
1947,CHN,69,85,567,722,1373,71,471,578.0,1449,106,618,571,-155,0.3912053324809792,0.44805194805194803,0
1947,CIN,73,81,681,755,1372,95,539,530.0,1442,102,589,633,-74,0.4529460356540022,0.474025974025974,0
1947,NY1,81,73,830,761,1446,221,494,568.0,1428,122,590,553,69,0.53962423196647,0.525974025974026,1
1947,PHI,62,92,589,687,1354,60,464,594.0,1399,98,513,514,-98,0.43004885240961044,0.4025974025974026,0
1947,PIT,62,92,744,817,1385,156,607,687.0,1488,155,592,530,-73,0.4572832730759034,0.4025974025974026,0
1947,SLN,89,65,780,634,1462,115,612,511.0,1417,106,495,642,146,0.5936941981844891,0.577922077922078,1
1948,BOS,96,59,907,720,1471,121,823,552.0,1445,83,592,513,187,0.6040887288292076,0.6193548387096774,1
1948,CHA,51,101,559,814,1303,55,595,528.0,1454,89,673,403,-255,0.3345373603755419,0.3355263157894737,0
1948,CLE,97,58,840,568,1534,155,646,575.0,1246,82,628,595,272,0.671735122890431,0.6258064516129033,1
1948,DET,78,76,700,726,1396,78,671,504.0,1367,92,589,678,-26,0.48332131183974597,0.5064935064935064,1
1948,NYA,94,60,857,633,1480,139,623,478.0,1289,94,641,654,224,0.6351628929726302,0.6103896103896104,1
1948,PHA,84,70,729,735,1345,68,726,523.0,1456,86,638,486,-6,0.49625004931618727,0.5454545454545454,1
1948,SLA,59,94,671,849,1438,63,578,572.0,1513,103,737,531,-178,0.3939876527407471,0.38562091503267976,0
1948,WS1,56,97,578,796,1245,31,568,572.0,1439,81,734,446,-218,0.35763441057748124,0.3660130718954248,0
1948,BRO,84,70,744,667,1393,91,601,684.0,1328,119,633,670,77,0.5498165002347615,0.5454545454545454,1
1948,BSN,91,62,739,584,1458,95,671,536.0,1354,93,430,579,155,0.6060590495613166,0.5947712418300654,1
1948,CHN,64,90,597,706,1402,87,443,578.0,1355,89,619,636,-109,0.42387462966091244,0.4155844155844156,0
1948,CIN,64,89,588,752,1266,104,478,586.0,1410,104,572,599,-164,0.38931389095111496,0.41830065359477125,0
1948,NY1,78,76,780,704,1352,164,599,648.0,1425,122,556,527,76,0.5467637961233998,0.5064935064935064,1
1948,PHI,66,88,591,729,1367,91,440,598.0,1385,95,556,550,-138,0.4051529610428172,0.42857142857142855,0
1948,PIT,83,71,706,699,1388,108,580,578.0,1373,120,564,543,7,0.5045586302636947,0.538961038961039,1
1948,SLN,85,69,742,646,1396,105,594,521.0,1392,103,476,625,96,0.5630491047170678,0.551948051948052,1
1949,BOS,96,58,896,667,1500,131,835,510.0,1375,82,661,598,229,0.6318415353875693,0.6233766233766234,1
1949,CHA,63,91,648,737,1340,43,702,596.0,1362,108,693,502,-89,0.44139168859737754,0.4090909090909091,0
1949,CLE,89,65,675,574,1358,112,601,534.0,1275,82,611,594,101,0.5736141888370268,0.577922077922078,1
1949,DET,87,67,751,655,1405,88,751,502.0,1338,102,628,631,96,0.5622478443978307,0.564935064935065,1
1949,NYA,97,57,829,637,1396,115,731,539.0,1231,98,812,671,192,0.6182470384309404,0.6298701298701299,1
1949,PHA,81,73,726,725,1331,82,783,493.0,1359,105,758,490,1,0.5006305993519817,0.525974025974026,1
1949,SLA,53,101,667,913,1301,117,631,700.0,1583,113,685,432,-246,0.36019431174669225,0.34415584415584416,0
1949,WS1,50,104,584,868,1330,81,593,495.0,1438,79,779,451,-284,0.3262462905548065,0.3246753246753247,0
1949,BRO,97,57,879,651,1477,152,638,570.0,1306,132,582,743,228,0.6340204420197447,0.6298701298701299,1
1949,BSN,75,79,706,719,1376,103,684,656.0,1466,110,520,589,-13,0.4916531754840098,0.487012987012987,0
1949,CHN,61,93,593,773,1336,97,396,573.0,1487,104,575,544,-180,0.38104740213325583,0.3961038961038961,0
1949,CIN,62,92,627,770,1423,86,429,559.0,1423,124,640,538,-143,0.4071010674312107,0.4025974025974026,0
1949,NY1,73,81,736,693,1383,147,613,523.0,1328,132,544,516,43,0.527513733394529,0.474025974025974,0
1949,PHI,81,73,662,668,1349,122,528,670.0,1389,104,502,495,-6,0.4958722462254921,0.525974025974026,1
1949,PIT,71,83,681,760,1350,126,548,554.0,1452,142,535,556,-79,0.4499547036607625,0.461038961038961,0
1949,SLN,96,58,766,616,1513,102,569,482.0,1356,87,507,606,150,0.5984044624646998,0.6233766233766234,1
1950,BOS,94,60,1027,804,1665,161,719,582.0,1413,121,748,630,223,0.6101589087355725,0.6103896103896104,1
1950,CHA,60,94,625,749,1368,93,551,566.0,1370,107,734,566,-124,0.4179470140684241,0.38961038961038963,0
1950,CLE,92,62,806,654,1417,164,693,624.0,1289,120,647,674,152,0.5944582829317484,0.5974025974025974,1
1950,DET,95,59,837,713,1518,114,722,480.0,1444,141,553,576,124,0.5728349236445199,0.6168831168831169,1
1950,NYA,98,56,914,691,1511,159,687,463.0,1322,118,708,712,223,0.6252363243697212,0.6363636363636364,1
1950,PHA,52,102,670,913,1361,100,685,493.0,1528,138,729,466,-243,0.36208906684473946,0.33766233766233766,0
1950,SLA,58,96,684,916,1269,106,690,744.0,1629,129,651,448,-232,0.3694756449552955,0.37662337662337664,0
1950,WS1,67,87,690,813,1365,76,671,606.0,1479,99,648,486,-123,0.4255104728461666,0.43506493506493504,0
1950,BRO,89,65,847,724,1461,194,607,632.0,1397,163,591,772,123,0.571296799190884,0.577922077922078,1
1950,BSN,83,71,785,736,1411,148,615,616.0,1411,129,554,615,49,0.5294533826467518,0.538961038961039,1
1950,CHN,64,89,643,772,1298,161,479,767.0,1452,130,593,559,-129,0.41712255333492715,0.41830065359477125,0
1950,CIN,66,87,654,734,1366,99,504,497.0,1363,145,582,686,-80,0.4473990838119892,0.43137254901960786,0
1950,NY1,86,68,735,643,1352,133,627,629.0,1268,140,536,596,92,0.5608760380054277,0.5584415584415584,1
1950,PHI,91,63,722,624,1440,125,535,569.0,1324,122,530,620,98,0.5663441855988585,0.5909090909090909,1
1950,PIT,57,96,681,857,1404,138,564,693.0,1472,152,616,556,-176,0.396355868913009,0.37254901960784315,0
1950,SLN,78,75,693,670,1353,102,606,604.0,1398,119,535,603,23,0.5154367637621051,0.5098039215686274,1
1951,BOS,87,67,804,725,1428,127,756,594.0,1413,100,599,658,79,0.547177377014431,0.564935064935065,1
1951,CHA,81,73,714,644,1453,86,596,524.0,1353,109,549,572,70,0.5470670205103892,0.525974025974026,1
1951,CLE,93,61,696,594,1346,140,606,632.0,1287,86,577,642,102,0.5719963101733958,0.6038961038961039,1
1951,DET,73,81,685,741,1413,104,568,525.0,1385,102,602,597,-56,0.46411065977345417,0.474025974025974,0
1951,NYA,98,56,798,621,1395,140,605,547.0,1290,92,562,664,177,0.6127586159388854,0.6363636363636364,1
1951,PHA,70,84,736,745,1381,102,677,565.0,1421,109,569,437,-9,0.4944397286331996,0.45454545454545453,0
1951,SLA,52,102,611,882,1288,86,521,693.0,1525,131,801,550,-271,0.3380974824305437,0.33766233766233766,0
1951,WS1,62,92,672,764,1399,54,560,515.0,1429,110,630,475,-92,0.4415666528558793,0.4025974025974026,0
1951,BRO,97,60,855,672,1511,184,603,649.0,1360,150,549,693,183,0.6084360406568446,0.6178343949044586,1
1951,BSN,76,78,723,662,1385,130,565,617.0,1378,96,595,604,61,0.5402385191831448,0.4935064935064935,0
1951,CHN,62,92,614,750,1327,103,477,647.0,1416,125,572,544,-136,0.40947327615572027,0.4025974025974026,0
1951,CIN,68,86,559,667,1309,88,415,577.0,1357,119,490,584,-108,0.41988335517622427,0.44155844155844154,0
1951,NY1,98,59,781,641,1396,179,671,624.0,1334,148,482,625,140,0.5894055788267974,0.6242038216560509,1
1951,PHI,73,81,648,644,1384,108,505,525.0,1373,110,497,570,4,0.5028327960779282,0.474025974025974,0
1951,PIT,64,90,689,845,1372,137,557,615.0,1479,157,609,580,-156,0.40769689730233266,0.4155844155844156,0
1951,SLN,81,73,683,671,1404,95,569,492.0,1391,119,568,546,12,0.5081088070750432,0.525974025974026,1
1952,BOS,76,78,668,658,1338,113,542,739.0,1332,107,623,624,10,0.506900145221965,0.4935064935064935,0
1952,CHA,81,73,610,568,1337,80,541,521.0,1251,86,578,774,42,0.5325906509218532,0.525974025974026,1
1952,CLE,93,61,763,606,1399,148,626,749.0,1278,94,556,671,157,0.6038640962502152,0.6038961038961039,1
1952,DET,50,104,557,738,1278,103,553,605.0,1394,111,591,702,-181,0.3740402148826137,0.3246753246753247,0
1952,NYA,95,59,727,557,1411,129,566,652.0,1240,94,581,666,170,0.6195034276071754,0.6168831168831169,1
1952,PHA,79,75,664,723,1305,89,683,561.0,1402,113,526,562,-59,0.46113293528432814,0.512987012987013,1
1952,SLA,64,90,604,733,1340,82,540,720.0,1388,111,598,581,-129,0.41235561621997474,0.4155844155844156,0
1952,WS1,78,76,598,608,1282,50,580,607.0,1405,78,577,574,-10,0.4924133437371389,0.5064935064935064,1
1952,BRO,96,57,775,603,1380,153,663,699.0,1295,121,544,773,172,0.6128317021517007,0.6274509803921569,1
1952,BSN,64,89,569,651,1214,110,483,711.0,1388,106,525,687,-82,0.4387168093055667,0.41830065359477125,0
1952,CHN,77,77,628,631,1408,107,422,712.0,1265,101,534,661,-3,0.49781970786595026,0.5,0
1952,CIN,69,85,615,659,1303,104,480,709.0,1377,111,517,579,-44,0.46842823115278187,0.44805194805194803,0
1952,NY1,92,62,722,639,1337,151,536,672.0,1282,121,538,655,83,0.5556388382777818,0.5974025974025974,1
1952,PHI,87,67,657,552,1353,93,540,534.0,1306,95,373,609,105,0.5789998013971321,0.564935064935065,1
1952,PIT,42,112,515,793,1201,92,486,724.0,1395,133,615,564,-278,0.31218347077961645,0.2727272727272727,0
1952,SLN,88,66,677,630,1386,97,537,479.0,1274,119,501,712,47,0.5328703135135582,0.5714285714285714,1
1953,BOS,84,69,656,632,1385,101,496,601.0,1333,92,584,642,24,0.5170450556227072,0.5490196078431373,1
1953,CHA,89,65,716,592,1345,74,601,530.0,1299,113,583,714,124,0.5861367608732038,0.577922077922078,1
1953,CLE,92,62,770,627,1426,160,609,683.0,1311,92,519,586,143,0.5928989325687893,0.5974025974025974,1
1953,DET,60,94,695,923,1479,108,506,603.0,1633,154,585,645,-228,0.3730386595082847,0.38961038961038963,0
1953,NYA,99,52,801,547,1420,139,656,644.0,1286,94,500,604,254,0.6677406974153142,0.6556291390728477,1
1953,PHA,59,95,632,799,1398,116,498,602.0,1475,121,594,566,-167,0.3943453384051022,0.38311688311688313,0
1953,SLA,54,100,555,778,1310,112,507,644.0,1467,101,626,639,-223,0.3502141799152057,0.35064935064935066,0
1953,WS1,76,76,687,614,1354,69,596,604.0,1313,112,478,515,73,0.5512150086002655,0.5,0
1953,BRO,105,49,955,689,1529,208,655,686.0,1337,169,509,817,266,0.6450704524188147,0.6818181818181818,1
1953,CHN,65,89,633,835,1372,137,514,746.0,1491,151,554,623,-202,0.37593478640188827,0.42207792207792205,0
1953,CIN,68,86,714,788,1396,166,485,701.0,1484,179,488,506,-74,0.4550056271421831,0.44155844155844154,0
1953,ML1,92,62,738,589,1422,156,439,637.0,1282,107,539,738,149,0.6017344600070134,0.5974025974025974,1
1953,NY1,70,84,768,747,1452,176,499,608.0,1403,146,610,647,21,0.512681260561635,0.45454545454545453,0
1953,PHI,83,71,716,666,1400,115,530,597.0,1410,138,410,637,50,0.5330703022530192,0.538961038961039,1
1953,PIT,50,104,622,887,1297,99,524,715.0,1529,168,577,607,-265,0.3431076409815182,0.3246753246753247,0
1953,SLN,83,71,768,713,1474,140,574,617.0,1406,139,533,732,55,0.5339437626823761,0.538961038961039,1
1954,BAL,54,100,483,668,1309,52,468,634.0,1279,78,688,668,-185,0.3558512476736015,0.35064935064935066,0
1954,BOS,69,85,700,728,1436,123,654,660.0,1434,118,612,707,-28,0.4820642227412959,0.44805194805194803,0
1954,CHA,94,60,711,521,1382,94,604,536.0,1255,94,517,701,190,0.6385296217596437,0.6103896103896104,1
1954,CLE,111,43,746,504,1368,156,637,668.0,1220,89,486,678,242,0.6720856359567999,0.7207792207792207,1
1954,DET,68,86,584,664,1351,90,492,603.0,1375,138,506,603,-80,0.4415342902435993,0.44155844155844154,0
1954,NYA,103,51,805,563,1400,133,650,632.0,1284,86,552,655,242,0.657987725062021,0.6688311688311688,1
1954,PHA,51,103,542,875,1228,94,504,677.0,1523,141,685,555,-333,0.29390505687797724,0.33116883116883117,0
1954,WS1,66,88,632,680,1292,81,610,719.0,1396,79,573,562,-48,0.46655943773122416,0.42857142857142855,0
1954,BRO,92,62,778,740,1418,186,634,625.0,1399,164,533,762,38,0.5228939052659398,0.5974025974025974,1
1954,CHN,64,90,700,766,1412,159,478,693.0,1375,131,619,622,-66,0.4588715501119796,0.4155844155844156,0
1954,CIN,74,80,729,763,1369,147,557,645.0,1491,169,547,537,-34,0.4791572683350634,0.4805194805194805,0
1954,ML1,89,65,670,556,1395,139,471,619.0,1296,106,553,698,114,0.5845092452935025,0.577922077922078,1
1954,NY1,97,57,732,550,1386,186,522,561.0,1258,113,613,692,182,0.6278788805717854,0.6298701298701299,1
1954,PHI,75,79,659,614,1384,102,604,620.0,1329,133,450,570,45,0.5323132380470279,0.487012987012987,0
1954,PIT,53,101,557,845,1260,76,566,737.0,1510,128,564,525,-288,0.31806216772630275,0.34415584415584416,0
1954,SLN,72,82,799,790,1518,119,582,586.0,1484,170,535,680,9,0.5051823745502507,0.4675324675324675,0
1955,BAL,57,97,540,754,1263,54,560,742.0,1403,103,625,595,-214,0.3518547194439539,0.37012987012987014,0
1955,BOS,84,70,755,652,1392,137,707,733.0,1333,128,582,674,103,0.5667029953209133,0.5454545454545454,1
1955,CHA,91,63,725,557,1401,116,567,595.0,1301,111,497,720,168,0.6183143779185795,0.5909090909090909,1
1955,CLE,93,61,698,601,1325,148,723,715.0,1285,111,558,877,97,0.5680285608970963,0.6038961038961039,1
1955,DET,79,75,775,658,1407,130,641,583.0,1381,126,517,629,117,0.5743188943327728,0.512987012987013,1
1955,KC1,63,91,638,911,1395,121,463,725.0,1486,175,707,572,-273,0.342571764491242,0.4090909090909091,0
1955,NYA,96,58,762,569,1342,175,609,658.0,1163,108,688,731,193,0.6305276268583614,0.6233766233766234,1
1955,WS1,53,101,598,789,1277,80,538,654.0,1450,99,634,607,-191,0.3758428003376149,0.34415584415584416,0
1955,BRO,98,55,857,650,1406,201,674,718.0,1296,168,483,773,207,0.6238523494470928,0.6405228758169934,1
1955,CHN,72,81,626,713,1287,164,428,806.0,1306,153,601,686,-87,0.44074481358456724,0.47058823529411764,0
1955,CIN,75,79,761,684,1424,181,556,657.0,1373,161,443,576,77,0.5486496116975217,0.487012987012987,0
1955,ML1,85,69,743,668,1377,182,504,735.0,1339,138,591,654,75,0.5485283548667925,0.551948051948052,1
1955,NY1,80,74,702,673,1377,169,497,581.0,1347,155,560,721,29,0.5192914627752175,0.5194805194805194,1
1955,PHI,77,77,675,666,1300,132,652,673.0,1291,161,477,657,9,0.5061407230309066,0.5,0
1955,PIT,60,94,560,767,1262,91,471,652.0,1480,142,536,622,-207,0.359939548170008,0.38961038961038963,0
1955,SLN,68,86,654,757,1375,143,458,597.0,1376,185,549,730,-103,0.43348452464492815,0.44155844155844154,0
1956,BAL,69,85,571,705,1242,91,563,725.0,1362,99,547,715,-134,0.4047336573550242,0.44805194805194803,0
1956,BOS,84,70,780,751,1473,139,727,687.0,1354,130,668,712,29,0.5173269416449228,0.5454545454545454,1
1956,CHA,85,69,776,634,1412,128,619,660.0,1351,118,524,722,142,0.5914226179435658,0.551948051948052,1
1956,CLE,88,66,712,581,1256,153,681,764.0,1233,116,564,845,131,0.5919635836834825,0.5714285714285714,1
1956,DET,82,72,789,699,1494,150,644,618.0,1389,140,655,788,90,0.5551846499943738,0.5324675324675324,1
1956,KC1,52,102,619,831,1325,112,480,727.0,1424,187,679,636,-212,0.3684249210983302,0.33766233766233766,0
1956,NYA,97,57,857,631,1433,190,615,755.0,1285,114,652,732,226,0.6365038271747914,0.6298701298701299,1
1956,WS1,59,95,652,924,1302,112,690,877.0,1539,171,730,663,-272,0.3456848616493213,0.38311688311688313,0
1956,BRO,93,61,720,601,1315,179,649,738.0,1251,171,441,772,119,0.5819055992370342,0.6038961038961039,1
1956,CHN,60,94,597,708,1281,142,446,776.0,1325,161,613,744,-111,0.422610928747109,0.38961038961038963,0
1956,CIN,91,63,775,658,1406,221,528,760.0,1406,141,458,653,117,0.5743188943327728,0.5909090909090909,1
1956,ML1,92,62,709,569,1350,177,486,714.0,1295,133,467,639,140,0.5993012317422947,0.5974025974025974,1
1956,NY1,67,87,540,650,1268,145,402,659.0,1287,144,551,765,-110,0.41598246534872835,0.43506493506493504,0
1956,PHI,71,83,668,738,1313,121,585,673.0,1407,172,437,750,-70,0.4545334831701985,0.461038961038961,0
1956,PIT,66,88,588,653,1340,110,383,752.0,1406,142,469,662,-65,0.4521776723060523,0.42857142857142855,0
1956,SLN,76,78,678,698,1443,124,503,622.0,1339,155,546,709,-20,0.48670278093200026,0.4935064935064935,0
1957,BAL,76,76,597,588,1326,87,504,699.0,1272,95,493,767,9,0.5069490532413646,0.5,0
1957,BOS,82,72,721,668,1380,153,624,739.0,1391,116,498,692,53,0.5348738495216266,0.5324675324675324,1
1957,CHA,90,64,707,566,1369,106,633,745.0,1305,124,470,665,141,0.6003824623293539,0.5844155844155844,1
1957,CLE,76,77,682,722,1304,140,591,786.0,1381,130,618,807,-40,0.47394818096013336,0.49673202614379086,0
1957,DET,78,76,614,614,1376,116,504,643.0,1330,147,505,756,0,0.5,0.5064935064935064,1
1957,KC1,59,94,563,710,1262,166,364,760.0,1344,153,565,626,-147,0.3954325114940362,0.38562091503267976,0
1957,NYA,98,56,723,534,1412,145,562,709.0,1198,110,580,810,189,0.6351823518388943,0.6363636363636364,1
1957,WS1,55,99,603,808,1274,111,527,733.0,1482,149,580,691,-205,0.3692256778950592,0.35714285714285715,0
1957,BRO,84,70,690,591,1325,147,550,848.0,1285,144,456,891,99,0.570385048790129,0.5454545454545454,1
1957,CHN,62,92,628,722,1312,147,461,989.0,1397,144,601,859,-94,0.4365298751444611,0.4025974025974026,0
1957,CIN,80,74,747,781,1452,187,546,752.0,1486,179,429,707,-34,0.47964794226620255,0.5194805194805194,1
1957,ML1,95,59,772,613,1469,199,461,729.0,1347,124,570,693,159,0.603969840200757,0.6168831168831169,1
1957,NY1,69,85,643,701,1349,157,447,669.0,1436,150,471,701,-58,0.4605708908661939,0.44805194805194803,0
1957,PHI,77,77,623,656,1311,117,534,758.0,1363,139,412,858,-33,0.47640401158638723,0.5,0
1957,PIT,62,92,586,696,1447,92,374,733.0,1463,158,421,663,-110,0.42193997126646315,0.4025974025974026,0
1957,SLN,87,67,737,666,1497,132,493,672.0,1385,140,506,778,71,0.5462116766543409,0.564935064935065,1
1958,BAL,74,79,521,575,1233,108,483,731.0,1277,106,403,749,-54,0.4550034164682089,0.48366013071895425,0
1958,BOS,79,75,697,691,1335,155,638,820.0,1396,121,521,695,6,0.5039552735434049,0.512987012987013,1
1958,CHA,82,72,634,615,1348,101,518,669.0,1296,152,515,751,19,0.5139166137817531,0.5324675324675324,1
1958,CLE,77,76,694,635,1340,161,494,819.0,1283,123,604,766,59,0.5405581763459048,0.5032679738562091,1
1958,DET,77,77,659,606,1384,109,463,678.0,1294,133,437,797,53,0.5382833476371484,0.5,0
1958,KC1,73,81,642,713,1297,138,452,747.0,1405,150,467,721,-71,0.45215820914963645,0.474025974025974,0
1958,NYA,92,62,759,577,1418,164,537,822.0,1201,116,557,796,182,0.6228615507949383,0.5974025974025974,1
1958,WS1,61,93,553,747,1240,121,477,751.0,1443,156,558,762,-194,0.3657961675602972,0.3961038961038961,0
1958,CHN,72,82,709,725,1402,182,487,853.0,1322,142,619,805,-16,0.4897917900106903,0.4675324675324675,0
1958,CIN,76,78,695,621,1359,123,572,765.0,1422,148,419,705,74,0.5513242876935076,0.4935064935064935,0
1958,LAN,71,83,668,761,1297,172,495,850.0,1399,173,606,855,-93,0.4406482249758339,0.461038961038961,0
1958,ML1,92,62,675,541,1388,167,478,646.0,1261,125,426,773,134,0.5998804346620378,0.5974025974025974,1
1958,PHI,69,85,664,762,1424,124,573,871.0,1480,148,446,778,-98,0.4373495354019964,0.44805194805194803,0
1958,PIT,84,70,662,607,1386,134,396,753.0,1344,123,470,679,55,0.5395989645955361,0.5454545454545454,1
1958,SFN,80,74,727,698,1399,170,531,817.0,1400,166,512,775,29,0.5186150161932694,0.5194805194805194,1
1958,SLN,72,82,619,704,1371,111,533,637.0,1398,158,567,822,-85,0.4414025684632483,0.4675324675324675,0
1959,BAL,74,80,551,621,1240,109,536,690.0,1290,111,476,735,-70,0.44550207028097905,0.4805194805194805,0
1959,BOS,75,79,726,696,1335,125,626,810.0,1386,135,589,724,30,0.5192970725593722,0.487012987012987,0
1959,CHA,94,60,669,588,1325,97,580,634.0,1297,129,525,761,81,0.5587707044685333,0.6103896103896104,1
1959,CLE,89,65,745,646,1390,167,433,721.0,1230,148,635,799,99,0.5648648994557625,0.577922077922078,1
1959,DET,76,78,713,732,1346,160,580,737.0,1327,177,432,829,-19,0.4879704865502677,0.4935064935064935,0
1959,KC1,66,88,681,760,1383,117,481,780.0,1452,148,492,703,-79,0.4499547036607625,0.42857142857142855,0
1959,NYA,79,75,687,647,1397,153,457,828.0,1281,120,594,836,40,0.5274169804874904,0.512987012987013,1
1959,WS1,63,91,619,701,1205,163,517,881.0,1358,123,467,694,-82,0.4433303471736637,0.4090909090909091,0
1959,CHN,74,80,673,688,1321,163,498,911.0,1337,152,519,765,-15,0.48991646231997077,0.4805194805194805,0
1959,CIN,74,80,764,738,1448,161,499,763.0,1460,162,456,690,26,0.5158351663239885,0.4805194805194805,0
1959,LAN,88,68,705,670,1360,148,591,891.0,1317,157,614,1077,35,0.5232790990242445,0.5641025641025641,1
1959,ML1,86,70,724,623,1426,177,488,765.0,1406,128,429,775,101,0.5683072552666125,0.5512820512820513,1
1959,PHI,64,90,599,725,1237,113,498,858.0,1357,150,474,769,-126,0.4135363174541969,0.4155844155844156,0
1959,PIT,78,76,651,680,1414,112,442,715.0,1432,134,418,730,-29,0.48007126925956356,0.5064935064935064,1
1959,SFN,83,71,705,613,1377,167,473,875.0,1279,139,500,873,92,0.5636267155299702,0.538961038961039,1
1959,SLN,71,83,641,725,1432,118,485,747.0,1427,137,564,846,-84,0.44389965443927343,0.461038961038961,0
1960,BAL,89,65,682,606,1307,123,596,801.0,1222,117,552,785,76,0.5538438782652965,0.577922077922078,1
1960,BOS,65,89,658,775,1359,124,570,798.0,1440,127,580,767,-117,0.4256811056672271,0.42207792207792205,0
1960,CHA,87,67,741,617,1402,112,567,648.0,1338,127,533,695,124,0.5830072607334953,0.564935064935065,1
1960,CLE,76,78,667,693,1415,127,444,573.0,1308,161,636,771,-26,0.48251235732156555,0.4935064935064935,0
1960,DET,71,83,633,644,1243,150,636,728.0,1336,141,474,824,-11,0.4921187037627137,0.461038961038961,0
1960,KC1,58,96,615,756,1303,110,513,744.0,1428,160,525,664,-141,0.40667041563456485,0.37662337662337664,0
1960,NYA,97,57,746,627,1377,193,537,818.0,1225,123,609,712,119,0.5788405819454275,0.6298701298701299,1
1960,WS1,73,81,672,696,1283,147,584,883.0,1392,130,538,775,-24,0.4839512360157367,0.474025974025974,0
1960,CHN,60,94,634,776,1293,119,531,897.0,1393,152,565,805,-142,0.40857738205643435,0.38961038961038963,0
1960,CIN,67,87,640,692,1324,140,512,858.0,1417,134,442,740,-52,0.4643218560288098,0.43506493506493504,0
1960,LAN,82,72,662,593,1333,126,529,837.0,1218,154,564,1122,69,0.5501879744822705,0.5324675324675324,1
1960,ML1,88,66,724,658,1393,170,463,793.0,1327,130,518,807,66,0.5436196393161222,0.5714285714285714,1
1960,PHI,59,95,546,691,1235,99,448,1054.0,1423,133,439,736,-145,0.3938868136203268,0.38311688311688313,0
1960,PIT,95,59,734,593,1493,120,486,747.0,1363,105,386,811,141,0.5963707484053192,0.6168831168831169,1
1960,SFN,79,75,671,631,1357,130,467,846.0,1288,107,512,897,40,0.5280898399865958,0.512987012987013,1
1960,SLN,86,68,639,616,1317,138,501,792.0,1316,127,511,906,23,0.5167645156201677,0.5584415584415584,1
1961,BAL,95,67,691,588,1393,149,581,902.0,1226,109,617,926,103,0.5733140936715133,0.5864197530864198,1
1961,BOS,76,86,729,792,1401,112,647,847.0,1472,167,679,831,-63,0.4621514366508217,0.4691358024691358,0
1961,CHA,86,76,765,726,1475,138,550,612.0,1491,158,498,814,39,0.5239207869946367,0.5308641975308642,1
1961,CLE,78,83,737,752,1493,150,492,720.0,1426,178,599,801,-15,0.4907831366528603,0.484472049689441,0
1961,DET,101,61,841,671,1481,180,673,867.0,1404,170,469,836,170,0.601868161390551,0.6234567901234568,1
1961,KC1,61,100,683,863,1342,90,580,772.0,1519,141,629,703,-180,0.3945865054547552,0.37888198757763975,0
1961,LAA,70,91,744,784,1331,189,681,1068.0,1391,180,713,973,-40,0.47605996601399087,0.43478260869565216,0
1961,MIN,70,90,707,778,1353,167,597,840.0,1415,163,570,914,-71,0.45633069279822175,0.4375,0
1961,NYA,109,53,827,612,1461,240,543,785.0,1288,137,542,866,215,0.6343588729787274,0.6728395061728395,1
1961,WS2,61,100,618,776,1307,119,558,917.0,1405,131,586,666,-158,0.3973245831641774,0.37888198757763975,0
1961,CHN,64,90,689,800,1364,176,539,1027.0,1492,165,465,755,-111,0.4320853670530327,0.4155844155844156,0
1961,CIN,93,61,710,653,1414,158,423,761.0,1300,147,500,829,57,0.5382125282237549,0.6038961038961039,1
1961,LAN,89,65,735,697,1358,157,596,796.0,1346,167,544,1105,38,0.5242673461375037,0.577922077922078,1
1961,ML1,83,71,712,656,1365,188,534,880.0,1357,153,493,652,56,0.5374070572179278,0.538961038961039,1
1961,PHI,47,107,584,796,1265,103,475,928.0,1452,155,521,775,-212,0.36198761161173953,0.3051948051948052,0
1961,PIT,75,79,694,675,1448,128,428,721.0,1442,121,400,759,19,0.512697135471487,0.487012987012987,0
1961,SFN,85,69,773,655,1379,183,506,764.0,1306,152,502,924,118,0.5752070471922842,0.551948051948052,1
1961,SLN,80,74,703,668,1436,103,494,745.0,1334,136,570,823,35,0.5233469484388289,0.5194805194805194,1
1962,BAL,77,85,652,680,1363,156,516,931.0,1373,147,549,898,-28,0.4807724182504513,0.47530864197530864,0
1962,BOS,76,84,707,756,1429,146,525,923.0,1416,159,632,923,-49,0.4693809612385598,0.475,0
1962,CHA,85,77,707,658,1415,92,620,674.0,1380,123,537,821,49,0.5328130452348158,0.5246913580246914,1
1962,CLE,80,82,682,745,1341,180,502,939.0,1410,174,594,780,-63,0.45966562304263037,0.49382716049382713,0
1962,DET,85,76,758,692,1352,209,651,894.0,1452,169,503,873,66,0.5415808188270506,0.5279503105590062,1
1962,KC1,72,90,745,837,1467,116,556,803.0,1450,199,655,825,-92,0.4469294224879809,0.4444444444444444,0
1962,LAA,86,76,718,706,1377,137,602,917.0,1412,118,616,858,12,0.5077102454554813,0.5308641975308642,1
1962,MIN,91,71,798,713,1445,185,649,823.0,1400,166,493,948,85,0.5513452979960052,0.5617283950617284,1
1962,NYA,96,66,817,680,1509,199,584,842.0,1375,146,499,838,137,0.5831917432783423,0.5925925925925926,1
1962,WS2,60,101,599,716,1370,132,466,789.0,1400,151,593,771,-117,0.41909101387197584,0.37267080745341613,0
1962,CHN,59,103,632,827,1398,126,504,1044.0,1509,159,601,783,-195,0.37939545428251514,0.36419753086419754,0
1962,CIN,98,64,802,685,1523,167,498,903.0,1397,149,567,964,117,0.5716465671667258,0.6049382716049383,1
1962,HOU,64,96,592,717,1370,105,493,806.0,1446,113,471,1047,-125,0.4132438051726397,0.4,0
1962,LAN,102,63,842,697,1510,140,572,886.0,1386,115,588,1104,145,0.585613311179704,0.6181818181818182,1
1962,ML1,86,76,730,665,1376,181,581,975.0,1443,151,407,802,65,0.5425620508508417,0.5308641975308642,1
1962,NYN,40,120,617,948,1318,139,616,991.0,1577,192,571,772,-331,0.31303713195689004,0.25,0
1962,PHI,81,80,705,759,1410,142,531,923.0,1469,155,574,863,-54,0.4662859158095802,0.5031055900621118,1
1962,PIT,93,68,706,626,1468,108,432,836.0,1433,118,466,897,80,0.5548001572037207,0.577639751552795,1
1962,SFN,103,62,878,690,1552,204,523,822.0,1399,148,503,886,188,0.6084848118666178,0.6242424242424243,1
1962,SLN,84,78,774,664,1528,137,515,846.0,1394,149,517,914,110,0.5696737520885764,0.5185185185185185,1
1963,BAL,86,76,644,621,1359,146,469,940.0,1353,137,507,913,23,0.5166320586663113,0.5308641975308642,1
1963,BOS,76,85,666,704,1403,171,475,954.0,1367,152,539,1009,-38,0.4746357173604602,0.4720496894409938,0
1963,CHA,94,68,683,544,1379,114,571,896.0,1311,100,440,932,139,0.6026235099741968,0.5802469135802469,1
1963,CLE,79,83,635,702,1314,169,469,1102.0,1390,176,478,1018,-67,0.4542373336609958,0.4876543209876543,0
1963,DET,79,83,700,703,1388,148,592,908.0,1407,195,477,930,-3,0.49804348526499065,0.4876543209876543,0
1963,KC1,73,89,615,704,1356,95,529,829.0,1417,156,540,887,-89,0.4384793967728814,0.4506172839506173,0
1963,LAA,70,91,597,660,1378,95,448,916.0,1317,120,578,889,-63,0.4542308387393361,0.43478260869565216,0
1963,MIN,91,70,767,602,1408,225,547,912.0,1322,162,459,941,165,0.6090402446703983,0.5652173913043478,1
1963,NYA,104,57,714,547,1387,188,434,808.0,1239,115,476,965,167,0.6195348832852475,0.6459627329192547,1
1963,WS2,56,106,578,812,1237,138,497,963.0,1486,176,537,744,-234,0.34931184457276143,0.345679012345679,0
1963,CHN,82,80,570,578,1286,127,439,1049.0,1357,119,400,851,-8,0.493623935813534,0.5061728395061729,1
1963,CIN,86,76,648,594,1333,122,474,960.0,1307,117,425,1048,54,0.539723809127613,0.5308641975308642,1
1963,HOU,66,96,464,640,1184,62,456,938.0,1341,95,378,937,-176,0.3569795496319074,0.4074074074074074,0
1963,LAN,99,63,640,550,1361,110,453,867.0,1329,111,402,1095,90,0.5688930651129606,0.6111111111111112,1
1963,ML1,84,78,677,603,1345,139,525,954.0,1327,149,489,924,74,0.5527603490108162,0.5185185185185185,1
1963,NYN,51,111,501,774,1168,96,457,1078.0,1452,162,529,806,-273,0.3108845143474004,0.3148148148148148,0
1963,PHI,87,75,642,578,1390,126,403,955.0,1262,113,553,1052,64,0.5478967852348172,0.5370370370370371,1
1963,PIT,74,88,567,595,1385,108,454,940.0,1350,99,457,900,-28,0.47796182644228846,0.4567901234567901,0
1963,SFN,88,74,725,641,1442,197,441,889.0,1380,126,464,954,84,0.5561003455607265,0.5432098765432098,1
1963,SLN,93,69,747,628,1540,128,458,915.0,1329,124,463,978,119,0.5787272437895665,0.5740740740740741,1
1964,BAL,97,65,679,567,1357,162,537,1019.0,1292,129,456,939,112,0.5817299688701386,0.5987654320987654,1
1964,BOS,72,90,688,793,1425,186,504,917.0,1464,178,571,1094,-105,0.43538265572830714,0.4444444444444444,0
1964,CHA,98,64,642,501,1356,106,562,902.0,1216,124,401,955,141,0.6115441024583079,0.6049382716049383,1
1964,CLE,79,83,689,693,1386,164,500,1063.0,1443,154,565,1162,-4,0.49735168162541143,0.4876543209876543,0
1964,DET,85,77,699,678,1394,157,517,912.0,1343,164,536,993,21,0.5139517077107764,0.5246913580246914,1
1964,KC1,57,105,621,836,1321,166,548,1104.0,1516,220,614,966,-215,0.36724491149836924,0.35185185185185186,0
1964,LAA,82,80,544,551,1297,102,472,920.0,1273,100,530,965,-7,0.49415087208718345,0.5061728395061729,1
1964,MIN,79,83,737,678,1413,221,553,1019.0,1361,181,545,1099,59,0.538100076233953,0.4876543209876543,0
1964,NYA,99,63,730,577,1442,162,520,976.0,1312,129,504,989,153,0.6059739918533711,0.6111111111111112,1
1964,WS2,62,100,578,733,1246,125,514,1124.0,1417,172,505,794,-155,0.3929911079057474,0.38271604938271603,0
1964,CHN,76,86,649,724,1391,145,499,1041.0,1510,144,423,737,-75,0.4501347226070589,0.4691358024691358,0
1964,CIN,92,70,660,566,1383,130,457,974.0,1306,112,436,1122,94,0.5698334669389993,0.5679012345679012,1
1964,HOU,66,96,495,628,1214,70,381,872.0,1421,105,353,852,-133,0.3928118898062208,0.4074074074074074,0
1964,LAN,80,82,614,572,1375,79,438,893.0,1289,88,458,1062,42,0.5323712479722948,0.49382716049382713,0
1964,ML1,88,74,803,744,1522,159,486,825.0,1411,160,452,906,59,0.5348568747422976,0.5432098765432098,1
1964,NYN,53,109,569,776,1372,103,353,932.0,1511,130,466,717,-207,0.36174509900642793,0.3271604938271605,0
1964,PHI,92,70,693,632,1415,130,440,924.0,1402,129,440,1009,61,0.5420547330245576,0.5679012345679012,1
1964,PIT,80,82,663,636,1469,121,408,970.0,1429,92,476,951,27,0.5190120445882982,0.49382716049382713,0
1964,SFN,90,72,656,587,1360,165,505,900.0,1348,118,480,1023,69,0.5506701705300155,0.5555555555555556,1
1964,SLN,93,69,715,652,1531,109,427,925.0,1405,133,410,877,63,0.5420989669264873,0.5740740740740741,1
1965,BAL,94,68,641,578,1299,125,529,907.0,1268,120,510,939,63,0.5471900611151145,0.5802469135802469,1
1965,BOS,62,100,669,791,1378,165,607,964.0,1443,158,543,993,-122,0.42395695719170307,0.38271604938271603,0
1965,CAL,75,87,527,569,1279,92,443,973.0,1259,91,563,847,-42,0.46497640394079653,0.46296296296296297,0
1965,CHA,95,67,647,555,1354,125,533,916.0,1261,122,460,946,92,0.5697134347399582,0.5864197530864198,1
1965,CLE,87,75,663,613,1367,156,506,857.0,1254,129,500,1156,50,0.5358111763919073,0.5370370370370371,1
1965,DET,89,73,680,602,1278,162,554,952.0,1283,137,509,1069,78,0.5555099117343486,0.5493827160493827,1
1965,KC1,59,103,585,755,1294,110,521,1020.0,1399,161,574,882,-170,0.38536354518415933,0.36419753086419754,0
1965,MIN,102,60,774,600,1396,150,554,969.0,1278,166,503,934,174,0.6144354511252537,0.6296296296296297,1
1965,NYA,77,85,611,604,1286,149,489,951.0,1337,126,511,1001,7,0.5052714679387683,0.47530864197530864,0
1965,WS2,70,92,591,721,1227,136,570,1125.0,1376,160,633,867,-130,0.4100288028150313,0.43209876543209874,0
1965,CHN,72,90,635,723,1316,134,532,948.0,1470,154,481,855,-88,0.440901263865374,0.4444444444444444,0
1965,CIN,89,73,825,704,1544,183,538,1003.0,1355,136,587,1113,121,0.5720566517856961,0.5493827160493827,1
1965,HOU,65,97,569,711,1299,97,502,877.0,1459,123,388,931,-142,0.39946150252265056,0.4012345679012346,0
1965,LAN,97,65,608,521,1329,78,492,891.0,1223,127,425,1079,87,0.5701829099014563,0.5987654320987654,1
1965,ML1,86,76,708,633,1419,196,408,976.0,1336,123,541,966,75,0.5510494539434522,0.5308641975308642,1
1965,NYN,50,112,495,752,1202,107,392,1129.0,1462,147,498,776,-257,0.31750388780172994,0.30864197530864196,0
1965,PHI,85,76,654,667,1380,144,494,1091.0,1426,116,466,1071,-13,0.49099614072561787,0.5279503105590062,1
1965,PIT,90,72,675,580,1506,111,419,1008.0,1324,89,469,882,95,0.568953514534699,0.5555555555555556,1
1965,SFN,95,67,682,593,1384,159,476,844.0,1325,137,408,1060,89,0.5636277921348989,0.5864197530864198,1
1965,SLN,80,81,707,674,1415,109,477,882.0,1414,166,467,916,33,0.521854819813675,0.4968944099378882,0
1966,BAL,97,63,755,601,1426,175,514,926.0,1267,127,514,1070,154,0.6028764281503093,0.60625,1
1966,BOS,72,90,655,731,1318,145,542,1020.0,1402,164,577,977,-76,0.4499446955879421,0.4444444444444444,0
1966,CAL,80,82,604,643,1244,122,525,1062.0,1364,136,511,836,-39,0.47140522000157087,0.49382716049382713,0
1966,CHA,83,79,574,517,1235,87,476,872.0,1229,101,403,896,57,0.5477028041452195,0.5123456790123457,1
1966,CLE,81,81,574,586,1300,155,450,914.0,1260,129,489,1111,-12,0.4905352758071556,0.5,0
1966,DET,88,74,719,698,1383,179,551,987.0,1356,185,520,1026,21,0.5135580072076232,0.5432098765432098,1
1966,KC1,74,86,564,648,1259,70,421,982.0,1281,106,630,854,-84,0.43682181747026627,0.4625,0
1966,MIN,89,73,663,581,1341,144,513,844.0,1246,139,392,1015,82,0.5601089774076426,0.5493827160493827,1
1966,NYA,70,89,611,612,1254,162,485,817.0,1318,124,443,842,-1,0.4992518401299863,0.44025157232704404,0
1966,WS2,71,88,557,659,1245,126,450,1069.0,1282,154,448,866,-102,0.42366899496287563,0.44654088050314467,0
1966,ATL,85,77,782,683,1476,207,512,913.0,1430,129,485,884,99,0.5616124247448966,0.5246913580246914,1
1966,CHN,59,103,644,809,1418,140,457,998.0,1513,184,479,908,-165,0.39713348408693305,0.36419753086419754,0
1966,CIN,76,84,692,702,1434,149,394,877.0,1408,153,490,1043,-10,0.49343641940949506,0.475,0
1966,HOU,72,90,612,695,1405,112,491,885.0,1468,130,391,929,-83,0.44207657690332625,0.4444444444444444,0
1966,LAN,95,67,606,490,1399,108,430,830.0,1287,84,356,1084,116,0.5960006548555219,0.5864197530864198,1
1966,NYN,66,95,587,761,1286,98,446,992.0,1497,166,521,773,-174,0.38341372579121324,0.40993788819875776,0
1966,PHI,87,75,696,640,1448,117,510,969.0,1439,137,412,928,56,0.5383006013582913,0.5370370370370371,1
1966,PIT,92,70,759,641,1586,158,405,1011.0,1445,125,463,898,118,0.5766947010325388,0.5679012345679012,1
1966,SFN,93,68,675,626,1373,181,414,860.0,1370,140,359,973,49,0.5344237169696603,0.577639751552795,1
1966,SLN,83,79,571,577,1377,108,345,977.0,1345,130,448,892,-6,0.4952178723131856,0.5123456790123457,1
1967,BAL,76,85,654,592,1312,138,531,1002.0,1218,116,566,1034,62,0.5454415920027094,0.4720496894409938,0
1967,BOS,92,70,722,614,1394,158,522,1020.0,1307,142,477,1010,108,0.573590429249955,0.5679012345679012,1
1967,CAL,84,77,567,587,1265,114,453,1021.0,1246,118,525,892,-20,0.48414584293899265,0.5217391304347826,1
1967,CHA,89,73,531,491,1209,89,480,849.0,1197,87,465,927,40,0.5357692288606739,0.5493827160493827,1
1967,CLE,75,87,559,613,1282,131,413,984.0,1258,120,559,1189,-54,0.45791126203622673,0.46296296296296297,0
1967,DET,91,71,683,587,1315,152,626,994.0,1230,151,472,1038,96,0.5688572231628775,0.5617283950617284,1
1967,KC1,62,99,533,660,1244,69,452,1019.0,1265,125,558,990,-127,0.4034513969357699,0.38509316770186336,0
1967,MIN,91,71,671,590,1309,131,512,976.0,1336,115,396,1089,81,0.5585854817576124,0.5617283950617284,1
1967,NYA,72,90,522,621,1225,100,532,1043.0,1375,110,480,898,-99,0.4212109755836768,0.4444444444444444,0
1967,WS2,76,85,550,637,1211,115,472,1037.0,1334,113,495,878,-87,0.4332169353445353,0.4720496894409938,0
1967,ATL,77,85,631,640,1307,158,512,947.0,1377,118,449,862,-9,0.4935211040789588,0.47530864197530864,0
1967,CHN,87,74,702,624,1373,128,509,912.0,1352,142,463,888,78,0.553678081434473,0.5403726708074534,1
1967,CIN,87,75,604,563,1366,109,372,969.0,1328,101,498,1065,41,0.5321154906067134,0.5370370370370371,1
1967,HOU,69,93,626,742,1372,93,537,934.0,1444,120,485,1060,-116,0.42284676782090425,0.42592592592592593,0
1967,LAN,73,89,519,595,1285,82,485,881.0,1421,93,393,967,-76,0.4378030046308784,0.4506172839506173,0
1967,NYN,61,101,498,672,1288,83,362,981.0,1369,124,536,893,-174,0.36624159121201594,0.3765432098765432,0
1967,PHI,82,80,612,581,1306,103,545,1033.0,1372,86,403,967,31,0.5237636309486706,0.5061728395061729,1
1967,PIT,81,81,679,693,1585,91,387,914.0,1439,108,561,820,-14,0.49066402642535906,0.5,0
1967,SFN,91,71,652,551,1354,140,520,978.0,1283,113,453,990,101,0.5763986808299688,0.5617283950617284,1
1967,SLN,101,60,695,557,1462,115,443,919.0,1313,97,431,956,138,0.5999037993954114,0.6273291925465838,1
1968,BAL,91,71,579,497,1187,133,570,1019.0,1111,101,502,1044,82,0.5694147590833627,0.5617283950617284,1
1968,BOS,86,76,614,611,1253,125,582,974.0,1303,115,523,972,3,0.5022408058040547,0.5308641975308642,1
1968,CAL,67,95,498,615,1209,83,447,1080.0,1234,131,519,869,-117,0.40463948748263245,0.41358024691358025,0
1968,CHA,67,95,463,527,1233,71,397,840.0,1290,97,451,834,-64,0.4410414409587192,0.41358024691358025,0
1968,CLE,86,75,516,504,1266,75,427,858.0,1087,98,540,1157,12,0.5107635394403834,0.5341614906832298,1
1968,DET,103,59,671,492,1292,185,521,964.0,1180,129,486,1115,179,0.638262647629114,0.6358024691358025,1
1968,MIN,79,83,562,546,1274,105,445,966.0,1224,92,414,996,16,0.5132108394498963,0.4876543209876543,0
1968,NYA,83,79,536,531,1137,109,566,958.0,1308,99,424,831,5,0.5042876488686026,0.5123456790123457,1
1968,OAK,82,80,569,544,1300,94,472,1022.0,1220,124,505,997,25,0.5205444447432631,0.5061728395061729,1
1968,WS2,65,96,524,665,1208,124,454,960.0,1402,118,517,826,-141,0.3926753024063922,0.40372670807453415,0
1968,ATL,81,81,514,549,1399,80,414,782.0,1326,87,362,871,-35,0.46989855269081343,0.5,0
1968,CHN,84,78,612,611,1319,130,415,854.0,1399,138,392,894,1,0.5007481598700138,0.5185185185185185,1
1968,CIN,83,79,690,673,1573,106,379,938.0,1399,114,573,963,17,0.51141093588387,0.5123456790123457,1
1968,HOU,72,90,510,588,1233,66,479,988.0,1362,68,479,1021,-78,0.43525587237579116,0.4444444444444444,0
1968,LAN,76,86,470,509,1234,67,439,980.0,1293,65,414,994,-39,0.463594778067621,0.4691358024691358,0
1968,NYN,73,89,473,499,1252,81,379,1203.0,1250,87,430,1014,-26,0.4755383956267841,0.4506172839506173,0
1968,PHI,76,86,543,615,1253,100,462,1003.0,1416,91,421,935,-72,0.4432805185822882,0.4691358024691358,0
1968,PIT,80,82,583,532,1404,80,422,953.0,1322,73,485,897,51,0.5417835670851744,0.49382716049382713,0
1968,SFN,88,74,599,529,1301,108,508,904.0,1302,86,344,942,70,0.5566111902996209,0.5432098765432098,1
1968,SLN,97,65,583,472,1383,73,378,897.0,1282,82,375,971,111,0.5954425139670105,0.5987654320987654,1
1969,BAL,109,53,779,517,1465,175,634,806.0,1194,117,498,897,262,0.6792313737910733,0.6728395061728395,1
1969,BOS,87,75,743,736,1381,197,658,923.0,1423,155,685,935,7,0.5043305528499239,0.5370370370370371,1
1969,CAL,71,91,528,652,1221,88,516,929.0,1294,126,517,885,-124,0.40467207289583723,0.4382716049382716,0
1969,CHA,68,94,625,723,1346,112,552,844.0,1470,146,564,810,-98,0.4337534356097758,0.41975308641975306,0
1969,CLE,62,99,573,717,1272,119,535,906.0,1330,134,681,1000,-144,0.398847879093162,0.38509316770186336,0
1969,DET,90,72,701,601,1316,182,578,922.0,1250,128,586,1032,100,0.5699533203114833,0.5555555555555556,1
1969,KCA,69,93,586,688,1311,98,522,901.0,1357,136,560,894,-102,0.42710847717203254,0.42592592592592593,0
1969,MIN,97,65,790,618,1520,163,599,906.0,1388,119,524,906,172,0.6104838265625273,0.5987654320987654,1
1969,NYA,80,81,562,587,1247,94,565,840.0,1258,118,522,801,-25,0.4800987606845658,0.4968944099378882,0
1969,OAK,88,74,740,678,1400,148,617,953.0,1356,163,586,887,62,0.5399472527403499,0.5432098765432098,1
1969,SE1,64,98,639,799,1276,125,626,1015.0,1490,172,653,963,-160,0.3991698230201106,0.3950617283950617,0
1969,WS2,86,76,694,644,1365,148,630,900.0,1310,135,656,835,50,0.5341554779373774,0.5308641975308642,1
1969,ATL,93,69,691,631,1411,141,485,665.0,1334,144,438,893,60,0.5414611130709003,0.5740740740740741,1
1969,CHN,92,70,720,611,1400,142,559,928.0,1366,118,475,1017,109,0.5745408552137105,0.5679012345679012,1
1969,CIN,89,73,798,768,1558,171,474,1042.0,1478,149,611,818,30,0.5175237002202946,0.5493827160493827,1
1969,HOU,81,81,676,668,1284,104,699,972.0,1347,111,547,1221,8,0.5054462774851088,0.5,0
1969,LAN,85,77,645,561,1405,97,484,823.0,1324,122,420,975,84,0.5634901279188841,0.5246913580246914,1
1969,MON,52,110,582,791,1300,125,529,962.0,1429,145,702,973,-209,0.3632017638186764,0.32098765432098764,0
1969,NYN,100,62,632,541,1311,109,527,1089.0,1217,119,517,1012,91,0.5706516381556267,0.6172839506172839,1
1969,PHI,63,99,645,745,1304,137,549,1130.0,1494,134,570,921,-100,0.43443840426851865,0.3888888888888889,0
1969,PIT,88,74,725,652,1557,119,454,944.0,1348,96,553,1124,73,0.5484011057024677,0.5432098765432098,1
1969,SDN,52,110,468,746,1203,99,423,1143.0,1454,113,592,764,-278,0.29875135896526006,0.32098765432098764,0
1969,SFN,90,72,713,636,1325,136,711,1054.0,1381,120,461,906,77,0.5520946666296489,0.5555555555555556,1
1969,SLN,87,75,595,540,1403,90,503,876.0,1289,99,511,1004,55,0.5442578282424442,0.5370370370370371,1
1970,BAL,108,54,792,574,1424,179,717,952.0,1317,139,469,941,218,0.6431667765545991,0.6666666666666666,1
1970,BOS,87,75,786,722,1450,203,594,855.0,1391,156,594,1003,64,0.5387781994558809,0.5370370370370371,1
1970,CAL,86,76,631,630,1391,114,447,922.0,1280,154,559,922,1,0.5007256142343056,0.5308641975308642,1
1970,CHA,56,106,633,822,1394,123,477,872.0,1554,164,556,762,-189,0.38269520114503913,0.345679012345679,0
1970,CLE,76,86,649,675,1358,183,503,909.0,1333,163,689,1076,-26,0.48203714576631,0.4691358024691358,0
1970,DET,79,83,666,731,1282,148,656,825.0,1443,153,623,1045,-65,0.4574986762454962,0.4876543209876543,0
1970,KCA,65,97,611,705,1341,97,514,958.0,1346,138,641,915,-94,0.4349029597556897,0.4012345679012346,0
1970,MIN,98,64,744,605,1438,153,501,905.0,1329,130,486,940,139,0.5935033125819689,0.6049382716049383,1
1970,ML4,65,97,613,751,1305,126,592,985.0,1397,146,587,895,-138,0.40816303496506906,0.4012345679012346,0
1970,NYA,93,69,680,612,1381,111,588,808.0,1386,130,451,777,68,0.5480536594457353,0.5740740740740741,1
1970,OAK,89,73,678,593,1338,171,584,977.0,1253,134,542,858,85,0.5609783998166865,0.5493827160493827,1
1970,WS2,70,92,626,689,1302,138,635,989.0,1375,139,611,823,-63,0.4562421432940685,0.43209876543209874,0
1970,ATL,76,86,736,772,1495,160,522,736.0,1451,185,478,960,-36,0.4781662414973208,0.4691358024691358,0
1970,CHN,84,78,806,679,1424,179,607,844.0,1402,143,475,1000,127,0.5778068140970051,0.5185185185185185,1
1970,CIN,102,60,775,681,1498,191,547,984.0,1370,118,592,843,94,0.5588806137885475,0.6296296296296297,1
1970,HOU,79,83,744,763,1446,129,598,911.0,1491,131,577,942,-19,0.4884652710376516,0.4876543209876543,0
1970,LAN,87,74,749,684,1515,87,541,841.0,1394,164,496,880,65,0.5414370797590327,0.5403726708074534,1
1970,MON,73,89,687,807,1284,136,659,972.0,1434,162,716,914,-120,0.426875502643661,0.4506172839506173,0
1970,NYN,83,79,695,630,1358,120,684,1062.0,1260,135,575,1064,65,0.5448023648312825,0.5123456790123457,1
1970,PHI,73,88,594,730,1299,101,519,1066.0,1483,132,538,1047,-136,0.406782529735824,0.453416149068323,0
1970,PIT,89,73,729,664,1522,130,444,871.0,1386,106,625,990,65,0.542622951434738,0.5493827160493827,1
1970,SDN,63,99,681,788,1353,172,500,1164.0,1483,149,611,886,-107,0.4336283925235142,0.3888888888888889,0
1970,SFN,86,76,831,826,1460,165,729,1005.0,1514,156,604,931,5,0.5027609941969342,0.5308641975308642,1
1970,SLN,76,86,744,747,1497,113,569,961.0,1483,102,632,960,-3,0.4981589595580467,0.4691358024691358,0
1971,BAL,101,57,742,530,1382,158,672,844.0,1257,125,416,793,212,0.6492500139951541,0.6392405063291139,1
1971,BOS,85,77,691,667,1360,161,552,871.0,1424,136,535,871,24,0.5161668858174818,0.5246913580246914,1
1971,CAL,76,86,511,576,1271,96,441,827.0,1246,101,607,904,-65,0.44543796942582314,0.4691358024691358,0
1971,CHA,79,83,617,597,1346,138,562,870.0,1348,100,468,976,20,0.5150709324284365,0.4876543209876543,0
1971,CLE,60,102,543,747,1303,109,467,868.0,1352,154,770,937,-204,0.35808414364972607,0.37037037037037035,0
1971,DET,91,71,701,645,1399,179,540,854.0,1355,126,609,1000,56,0.5380168233346156,0.5617283950617284,1
1971,KCA,85,76,603,566,1323,80,490,819.0,1301,84,496,775,37,0.5289379512514948,0.5279503105590062,1
1971,MIN,74,86,654,670,1406,116,512,846.0,1384,139,529,895,-16,0.4889438623805323,0.4625,0
1971,ML4,69,92,534,609,1188,104,543,924.0,1303,130,569,795,-75,0.4401623870223203,0.42857142857142855,0
1971,NYA,82,80,648,641,1377,97,581,717.0,1382,126,423,707,7,0.5049688534588916,0.5061728395061729,1
1971,OAK,101,60,691,564,1383,160,542,1018.0,1229,131,501,999,127,0.5918567943810057,0.6273291925465838,1
1971,WS2,63,96,537,660,1219,86,575,956.0,1376,132,554,762,-123,0.4067487365500037,0.39622641509433965,0
1971,ATL,82,80,643,699,1434,153,434,747.0,1529,152,485,823,-56,0.4618701708812164,0.5061728395061729,1
1971,CHN,83,79,637,648,1401,128,527,772.0,1458,132,411,900,-11,0.4921677645507144,0.5123456790123457,1
1971,CIN,79,83,586,581,1306,138,438,907.0,1298,112,501,750,5,0.5039202521382213,0.4876543209876543,0
1971,HOU,79,83,585,567,1319,71,478,888.0,1318,75,475,914,18,0.5142941425889196,0.4876543209876543,0
1971,LAN,89,73,663,587,1469,95,489,755.0,1363,110,399,853,76,0.5554714207391321,0.5493827160493827,1
1971,MON,71,90,622,729,1312,88,543,800.0,1418,133,658,829,-107,0.42788573253089035,0.4409937888198758,0
1971,NYN,83,79,588,550,1365,98,547,958.0,1227,100,529,1157,38,0.5305269507758696,0.5123456790123457,1
1971,PHI,67,95,558,688,1289,123,499,1031.0,1396,132,525,838,-130,0.40534166806550015,0.41358024691358025,0
1971,PIT,97,65,788,599,1555,154,469,919.0,1426,108,470,813,189,0.6228946424611985,0.5987654320987654,1
1971,SDN,61,100,486,610,1250,96,438,966.0,1351,93,559,923,-124,0.39750589668439673,0.37888198757763975,0
1971,SFN,90,72,706,644,1348,140,654,1042.0,1324,128,471,831,62,0.5419529337114084,0.5555555555555556,1
1971,SLN,90,72,739,699,1542,95,543,757.0,1482,104,576,911,40,0.5254366061008888,0.5555555555555556,1
1972,BAL,80,74,519,430,1153,100,507,935.0,1116,85,395,788,89,0.5852242693996653,0.5194805194805194,1
1972,BOS,85,70,640,620,1289,124,522,858.0,1309,101,512,918,20,0.5145209449382206,0.5483870967741935,1
1972,CAL,75,80,454,533,1249,78,358,850.0,1109,90,620,1000,-79,0.42712854765165703,0.4838709677419355,0
1972,CHA,87,67,566,538,1208,108,511,991.0,1269,94,431,936,28,0.5231948395377363,0.564935064935065,1
1972,CLE,72,84,472,519,1220,91,420,762.0,1232,123,534,846,-47,0.4566807383096045,0.46153846153846156,0
1972,DET,86,70,558,514,1206,122,483,793.0,1212,101,465,952,44,0.5375064938404953,0.5512820512820513,1
1972,KCA,76,78,580,545,1317,78,534,711.0,1293,85,405,801,35,0.5284451090785531,0.4935064935064935,0
1972,MIN,77,77,537,535,1277,93,478,905.0,1188,105,444,838,2,0.5017070848999262,0.5,0
1972,ML4,65,91,493,595,1204,88,472,868.0,1289,116,486,740,-102,0.41480524543309827,0.4166666666666667,0
1972,NYA,79,76,557,527,1288,103,491,689.0,1306,87,419,625,30,0.5253077009345877,0.5096774193548387,1
1972,OAK,93,62,604,457,1248,134,463,886.0,1170,96,418,862,147,0.6248932485615017,0.6,1
1972,TEX,54,100,461,628,1092,56,503,926.0,1258,92,613,868,-167,0.3622226678546634,0.35064935064935066,0
1972,ATL,70,84,628,730,1363,144,532,770.0,1412,155,512,732,-102,0.4315762456811127,0.45454545454545453,0
1972,CHN,85,70,685,567,1346,133,565,815.0,1329,112,421,824,118,0.5856421459071759,0.5483870967741935,1
1972,CIN,95,59,707,557,1317,124,606,914.0,1313,129,435,806,150,0.6073989170702763,0.6168831168831169,1
1972,HOU,84,69,708,636,1359,134,524,907.0,1340,114,498,971,72,0.5489079456064213,0.5490196078431373,1
1972,LAN,85,70,584,527,1349,98,480,786.0,1196,83,429,856,57,0.5468476333277558,0.5483870967741935,1
1972,MON,70,86,513,609,1205,91,474,828.0,1281,103,579,888,-96,0.4221575584943186,0.44871794871794873,0
1972,NYN,83,73,528,578,1154,105,589,990.0,1263,118,486,1059,-50,0.45870081234753707,0.532051282051282,1
1972,PHI,59,97,503,635,1240,98,487,930.0,1318,117,536,927,-132,0.39497346367434794,0.3782051282051282,0
1972,PIT,96,59,691,512,1505,110,404,871.0,1282,90,433,838,179,0.6338250658623388,0.6193548387096774,1
1972,SDN,58,95,488,665,1181,102,407,976.0,1350,121,618,960,-177,0.36208337461005136,0.3790849673202614,0
1972,SFN,69,86,662,649,1281,150,480,964.0,1309,130,507,771,13,0.5090725280633469,0.44516129032258067,0
1972,SLN,75,81,568,600,1383,70,437,793.0,1290,87,531,912,-32,0.4749462314917181,0.4807692307692308,0
1973,BAL,97,65,754,561,1474,119,648,752.0,1297,124,475,715,193,0.6320633329054218,0.5987654320987654,1
1973,BOS,89,73,738,647,1472,147,581,799.0,1417,158,499,808,91,0.5599165729985874,0.5493827160493827,1
1973,CAL,79,83,629,657,1395,93,509,816.0,1351,104,614,1010,-28,0.48008515252085887,0.4876543209876543,0
1973,CHA,77,85,652,705,1400,111,537,952.0,1484,110,574,848,-53,0.46430571498076995,0.47530864197530864,0
1973,CLE,71,91,680,826,1429,158,471,793.0,1532,172,602,883,-146,0.411943067058549,0.4382716049382716,0
1973,DET,85,77,642,674,1400,157,509,722.0,1468,154,493,911,-32,0.47776105559947923,0.5246913580246914,1
1973,KCA,88,74,755,752,1440,114,644,696.0,1521,114,617,790,3,0.501821494016411,0.5432098765432098,1
1973,MIN,81,81,738,692,1521,120,598,954.0,1443,115,519,879,46,0.5294097378884925,0.5,0
1973,ML4,74,88,708,731,1399,145,563,977.0,1476,119,623,671,-23,0.48537818531193994,0.4567901234567901,0
1973,NYA,80,82,641,610,1435,131,489,680.0,1379,109,457,708,31,0.5226629645789885,0.49382716049382713,0
1973,OAK,94,68,758,615,1431,147,595,919.0,1311,143,494,797,143,0.5944956614758179,0.5802469135802469,1
1973,TEX,57,105,619,844,1397,110,503,791.0,1514,130,680,831,-225,0.361840114147914,0.35185185185185186,0
1973,ATL,76,85,799,774,1497,206,608,870.0,1467,144,575,803,25,0.5145394003812059,0.4720496894409938,0
1973,CHN,77,84,614,655,1322,117,575,855.0,1471,128,438,885,-41,0.4704614955067885,0.4782608695652174,0
1973,CIN,99,63,741,621,1398,137,639,947.0,1389,135,518,801,120,0.5801295585255117,0.6111111111111112,1
1973,HOU,82,80,681,672,1391,134,469,962.0,1389,111,575,907,9,0.506086263645919,0.5061728395061729,1
1973,LAN,95,66,675,565,1473,110,497,795.0,1270,129,461,961,110,0.5806721248291098,0.5900621118012422,1
1973,MON,79,83,668,702,1345,125,695,777.0,1356,128,681,866,-34,0.4773029164550424,0.4876543209876543,0
1973,NYN,82,79,608,588,1345,85,540,805.0,1345,127,490,1027,20,0.5152976539136903,0.5093167701863354,1
1973,PHI,71,91,642,717,1381,134,476,979.0,1435,131,632,919,-75,0.449623458190078,0.4382716049382716,0
1973,PIT,80,82,704,693,1465,154,432,842.0,1426,110,564,839,11,0.507204374679124,0.49382716049382713,0
1973,SDN,60,102,548,770,1330,112,401,966.0,1461,157,548,845,-222,0.3492333361226928,0.37037037037037035,0
1973,SFN,88,74,739,702,1452,161,590,913.0,1442,145,485,787,37,0.5234819795525545,0.5432098765432098,1
1973,SLN,81,81,643,603,1418,75,531,796.0,1366,105,486,867,40,0.5293503125562763,0.5,0
1974,BAL,91,71,659,612,1418,116,509,770.0,1393,101,480,701,47,0.5337993730713282,0.5617283950617284,1
1974,BOS,84,78,696,661,1449,109,569,811.0,1462,126,463,751,35,0.523587566479288,0.5185185185185185,1
1974,CAL,68,94,618,657,1372,95,509,801.0,1339,101,649,986,-39,0.47203225401078774,0.41975308641975306,0
1974,CHA,80,80,684,721,1492,135,519,858.0,1470,103,548,826,-37,0.4759169918845206,0.5,0
1974,CLE,77,85,662,694,1395,131,432,756.0,1419,138,479,650,-32,0.47841649109302153,0.47530864197530864,0
1974,DET,72,90,620,768,1375,131,436,784.0,1443,148,621,869,-148,0.4032964397940529,0.4444444444444444,0
1974,KCA,77,85,667,662,1448,89,550,768.0,1477,91,482,731,5,0.5034423997732199,0.47530864197530864,0
1974,MIN,82,80,673,669,1530,111,520,791.0,1436,115,513,934,4,0.5027272537565473,0.5061728395061729,1
1974,ML4,76,86,647,660,1335,120,500,909.0,1476,126,493,621,-13,0.49089971026937257,0.4691358024691358,0
1974,NYA,89,73,671,623,1451,101,515,690.0,1402,104,528,829,48,0.533904737904384,0.5493827160493827,1
1974,OAK,90,72,689,551,1315,132,568,876.0,1322,90,430,755,138,0.6008521085626671,0.5555555555555556,1
1974,TEX,84,76,690,698,1482,99,508,710.0,1423,126,449,871,-8,0.4947263619526367,0.525,1
1974,ATL,88,74,661,563,1375,120,571,772.0,1343,97,488,772,98,0.5728938348577239,0.5432098765432098,1
1974,CHN,66,96,669,826,1397,110,621,857.0,1593,122,576,895,-157,0.40473272256109555,0.4074074074074074,0
1974,CIN,98,64,776,631,1437,135,693,940.0,1364,126,536,875,145,0.5935183592036762,0.6049382716049383,1
1974,HOU,81,81,653,632,1441,110,471,864.0,1396,84,601,738,21,0.5149501811185818,0.5,0
1974,LAN,102,60,798,561,1511,139,597,820.0,1272,112,464,943,237,0.6558533813223407,0.6296296296296297,1
1974,MON,79,82,662,657,1355,86,652,812.0,1340,99,544,822,5,0.5034684977459575,0.4906832298136646,0
1974,NYN,71,91,572,646,1286,96,597,735.0,1433,99,504,908,-74,0.4445690932751491,0.4382716049382716,0
1974,PHI,80,82,676,701,1434,95,469,822.0,1394,111,682,892,-25,0.48339208580655557,0.49382716049382713,0
1974,PIT,88,74,751,657,1560,114,514,828.0,1428,93,543,721,94,0.5608741712668657,0.5432098765432098,1
1974,SDN,60,102,541,830,1239,99,564,900.0,1536,124,715,855,-289,0.3136194825327436,0.37037037037037035,0
1974,SFN,72,90,634,723,1380,93,548,869.0,1409,116,559,756,-89,0.44019041858030117,0.4444444444444444,0
1974,SLN,86,75,677,643,1492,83,531,752.0,1399,97,616,794,34,0.523555945062583,0.5341614906832298,1
1975,BAL,90,69,682,553,1382,124,580,834.0,1285,110,500,717,129,0.594764977648721,0.5660377358490566,1
1975,BOS,95,65,796,709,1500,134,565,741.0,1463,145,490,720,87,0.5527556363512176,0.59375,1
1975,CAL,72,89,628,723,1324,55,593,811.0,1386,123,613,975,-95,0.4359069610908757,0.4472049689440994,0
1975,CHA,75,86,655,703,1400,94,611,800.0,1489,107,655,799,-48,0.4676899283812948,0.4658385093167702,0
1975,CLE,79,80,688,703,1409,153,525,667.0,1395,136,599,800,-15,0.4901338961391555,0.4968553459119497,0
1975,DET,57,102,570,786,1338,125,383,872.0,1496,137,533,787,-216,0.35709011590600953,0.3584905660377358,0
1975,KCA,91,71,710,649,1431,118,591,675.0,1422,108,498,815,61,0.5410059484286939,0.5617283950617284,1
1975,MIN,76,83,724,736,1497,121,563,746.0,1381,137,617,846,-12,0.492479849820962,0.4779874213836478,0
1975,ML4,68,94,675,792,1343,146,553,922.0,1496,133,624,643,-117,0.4273862773667254,0.41975308641975306,0
1975,NYA,83,77,681,588,1430,110,486,710.0,1325,104,502,809,93,0.5667758666495146,0.51875,1
1975,OAK,98,64,758,606,1376,151,609,846.0,1267,102,523,784,152,0.6009824234600757,0.6049382716049383,1
1975,TEX,79,83,714,733,1431,134,613,863.0,1456,123,518,792,-19,0.48798710889135366,0.4876543209876543,0
1975,ATL,67,94,583,739,1323,107,543,759.0,1543,101,519,669,-156,0.393192416296255,0.4161490683229814,0
1975,CHN,75,87,712,827,1419,95,650,802.0,1587,130,551,850,-115,0.4319253622059736,0.46296296296296297,0
1975,CIN,108,54,840,586,1515,124,691,916.0,1422,112,487,663,254,0.6590245366230486,0.6666666666666666,1
1975,HOU,64,97,664,711,1401,84,523,762.0,1436,106,679,839,-47,0.4687522237689477,0.39751552795031053,0
1975,LAN,88,74,648,534,1355,118,611,825.0,1215,104,448,894,114,0.587610394998294,0.5432098765432098,1
1975,MON,75,87,601,690,1346,98,579,954.0,1448,102,665,831,-89,0.4371548924080558,0.46296296296296297,0
1975,NYN,82,80,646,625,1430,101,501,805.0,1344,99,580,989,21,0.5151147865995626,0.5061728395061729,1
1975,PHI,86,76,735,694,1506,125,610,960.0,1353,111,546,897,41,0.5262357137717241,0.5308641975308642,1
1975,PIT,92,69,712,565,1444,138,468,832.0,1302,79,551,768,147,0.6042466925765783,0.5714285714285714,1
1975,SDN,71,91,552,683,1324,78,506,754.0,1494,99,521,713,-131,0.40379128673537895,0.4382716049382716,0
1975,SFN,80,81,659,671,1412,84,604,775.0,1406,92,612,856,-12,0.49174488707341124,0.4968944099378882,0
1975,SLN,82,80,662,689,1527,81,444,649.0,1452,98,571,824,-27,0.48171926243173313,0.5061728395061729,1
1976,BAL,88,74,619,598,1326,119,519,883.0,1396,80,489,678,21,0.5157851449195133,0.5432098765432098,1
1976,BOS,83,79,716,660,1448,134,500,832.0,1495,109,409,673,56,0.5371901394013869,0.5123456790123457,1
1976,CAL,76,86,550,631,1265,63,534,812.0,1323,95,553,992,-81,0.43747419698964574,0.4691358024691358,0
1976,CHA,64,97,586,745,1410,73,471,739.0,1460,87,600,802,-159,0.3919035109036638,0.39751552795031053,0
1976,CLE,81,78,615,615,1423,85,479,631.0,1361,80,533,928,0,0.5,0.5094339622641509,1
1976,DET,74,87,609,709,1401,101,450,730.0,1426,101,550,738,-100,0.4308882138648537,0.45962732919254656,0
1976,KCA,90,72,713,611,1490,65,484,650.0,1356,83,493,735,102,0.5701648004016437,0.5555555555555556,1
1976,MIN,85,77,743,704,1526,81,550,714.0,1421,89,610,762,39,0.5246473492739141,0.5246913580246914,1
1976,ML4,66,95,570,655,1326,88,511,909.0,1406,99,567,677,-85,0.4367486935963198,0.40993788819875776,0
1976,NYA,97,62,730,575,1496,120,470,616.0,1300,97,448,674,155,0.6074901486120063,0.610062893081761,1
1976,OAK,87,74,686,598,1319,113,592,818.0,1412,96,415,711,88,0.5624804479335944,0.5403726708074534,1
1976,TEX,76,86,616,652,1390,80,568,809.0,1464,106,461,773,-36,0.47403846735270827,0.4691358024691358,0
1976,ATL,70,92,620,700,1309,82,589,811.0,1435,86,564,818,-80,0.4447045048208786,0.43209876543209874,0
1976,CHN,75,87,611,728,1386,105,490,834.0,1511,123,490,850,-117,0.42052380780634796,0.46296296296296297,0
1976,CIN,102,60,857,633,1599,141,681,902.0,1436,100,491,790,224,0.6351628929726302,0.6296296296296297,1
1976,HOU,80,82,625,657,1401,66,530,719.0,1349,82,662,780,-32,0.47717182296429583,0.49382716049382713,0
1976,LAN,92,70,608,543,1371,91,486,744.0,1330,97,479,747,65,0.5515437359583254,0.5679012345679012,1
1976,MON,55,107,531,734,1275,94,433,841.0,1442,89,659,783,-203,0.3560712978218382,0.3395061728395062,0
1976,NYN,86,76,615,538,1334,102,561,797.0,1248,97,419,1025,77,0.560893134878367,0.5308641975308642,1
1976,PHI,101,61,770,557,1505,110,542,793.0,1377,98,397,918,213,0.6439615418353403,0.6234567901234568,1
1976,PIT,92,70,708,630,1499,110,433,807.0,1402,95,460,762,78,0.5531992311507357,0.5679012345679012,1
1976,SDN,73,89,570,662,1327,64,488,716.0,1368,87,543,652,-92,0.4319691818789523,0.4506172839506173,0
1976,SFN,74,88,595,686,1340,85,518,778.0,1464,68,518,746,-91,0.43525587237579116,0.4567901234567901,0
1976,SLN,72,90,629,671,1432,63,512,860.0,1416,91,581,731,-42,0.4704626020830712,0.4444444444444444,0
1977,BAL,97,64,719,653,1433,148,560,945.0,1414,124,494,737,66,0.5439364206567969,0.6024844720496895,1
1977,BOS,97,64,859,712,1551,213,528,905.0,1555,158,378,758,147,0.5850342848434689,0.6024844720496895,1
1977,CAL,74,88,675,695,1380,131,542,880.0,1383,136,572,965,-20,0.48664456432579034,0.4567901234567901,0
1977,CHA,90,72,844,771,1568,192,559,666.0,1557,136,516,842,73,0.5412930699215068,0.5555555555555556,1
1977,CLE,71,90,676,739,1476,100,531,688.0,1441,136,550,876,-63,0.4593246205966667,0.4409937888198758,0
1977,DET,74,88,714,751,1480,166,452,764.0,1526,162,470,784,-37,0.4769023208924628,0.4567901234567901,0
1977,KCA,102,60,822,651,1549,146,522,687.0,1377,110,499,850,171,0.6051122134404413,0.6296296296296297,1
1977,MIN,84,77,867,776,1588,123,563,754.0,1546,151,507,737,91,0.5505571882660493,0.5217391304347826,1
1977,ML4,67,95,639,765,1425,125,443,862.0,1461,136,566,719,-126,0.4183993646543544,0.41358024691358025,0
1977,NYA,100,62,831,651,1576,184,533,681.0,1395,139,486,758,180,0.6098638320542561,0.6172839506172839,1
1977,OAK,63,98,605,749,1284,117,516,910.0,1459,145,560,788,-144,0.4035429616229754,0.391304347826087,0
1977,SEA,64,98,624,855,1398,133,426,769.0,1508,194,578,785,-231,0.35977046858808603,0.3950617283950617,0
1977,TEX,94,68,767,657,1497,135,596,904.0,1412,134,471,864,110,0.5703524036927354,0.5802469135802469,1
1977,TOR,54,107,605,822,1367,100,499,819.0,1538,152,623,771,-217,0.36333534608452,0.33540372670807456,0
1977,ATL,61,101,678,895,1404,139,537,876.0,1581,169,701,915,-217,0.3756278088867757,0.3765432098765432,0
1977,CHN,81,81,692,739,1489,111,534,796.0,1500,128,489,942,-47,0.4699729516361766,0.5,0
1977,CIN,88,74,802,725,1513,181,600,911.0,1469,156,544,868,77,0.5460478030900334,0.5432098765432098,1
1977,HOU,81,81,680,650,1405,114,515,839.0,1384,110,545,871,30,0.5206308789176607,0.5,0
1977,LAN,98,64,769,582,1484,191,588,896.0,1393,119,438,930,187,0.6247773011664103,0.6049382716049383,1
1977,MON,75,87,665,736,1474,138,478,877.0,1426,135,579,856,-71,0.45372261843581085,0.46296296296296297,0
1977,NYN,64,98,587,663,1319,88,529,887.0,1378,118,490,911,-76,0.4445285792608678,0.3950617283950617,0
1977,PHI,101,61,847,668,1548,186,573,806.0,1451,134,482,856,179,0.6069393430490798,0.6234567901234568,1
1977,PIT,96,66,734,665,1550,133,474,878.0,1406,149,485,890,69,0.5450428651834073,0.5925925925925926,1
1977,SDN,69,93,692,834,1397,120,602,1057.0,1556,160,673,827,-142,0.4154294118959437,0.42592592592592593,0
1977,SFN,75,87,673,711,1392,134,568,842.0,1501,114,529,854,-38,0.47489198819721434,0.46296296296296297,0
1977,SLN,83,79,737,688,1490,96,489,823.0,1420,139,532,768,49,0.5314340555209162,0.5123456790123457,1
1978,BAL,90,71,659,633,1397,154,552,864.0,1340,107,509,754,26,0.5184074760009189,0.5590062111801242,1
1978,BOS,99,64,796,657,1493,172,582,835.0,1530,137,464,706,139,0.5869096986551255,0.6073619631901841,1
1978,CAL,87,75,691,666,1417,108,539,682.0,1382,125,599,892,25,0.5168525590491536,0.5370370370370371,1
1978,CHA,71,90,634,731,1423,106,409,625.0,1380,128,586,710,-97,0.4352341533468272,0.4409937888198758,0
1978,CLE,69,90,639,694,1400,106,488,698.0,1397,100,568,739,-55,0.4622970709001452,0.4339622641509434,0
1978,DET,86,76,714,653,1520,129,563,695.0,1441,135,503,684,61,0.540766721584092,0.5308641975308642,1
1978,KCA,92,70,743,634,1469,98,498,644.0,1350,108,478,657,109,0.5720754945381268,0.5679012345679012,1
1978,MIN,73,89,666,678,1472,82,604,684.0,1468,102,520,703,-12,0.49183086704248524,0.4506172839506173,0
1978,ML4,93,69,804,650,1530,173,520,805.0,1442,109,398,577,154,0.5960677666821341,0.5740740740740741,1
1978,NYA,100,63,735,582,1489,125,505,695.0,1321,111,478,817,153,0.6051862421224438,0.6134969325153374,1
1978,OAK,69,93,532,690,1304,100,433,800.0,1401,106,582,750,-158,0.3832235741379982,0.42592592592592593,0
1978,SEA,56,104,614,834,1327,97,522,702.0,1540,155,567,630,-220,0.3634511164623465,0.35,0
1978,TEX,87,75,692,632,1353,132,624,779.0,1431,108,421,776,60,0.5413986842662367,0.5370370370370371,1
1978,TOR,59,102,590,775,1358,98,448,645.0,1529,149,614,758,-185,0.377748645827081,0.36645962732919257,0
1978,ATL,69,93,600,750,1313,123,550,874.0,1404,132,624,848,-150,0.3993071787485911,0.42592592592592593,0
1978,CHN,79,83,664,724,1461,72,562,746.0,1475,125,539,768,-60,0.4605044755158041,0.4876543209876543,0
1978,CIN,92,69,710,688,1378,136,636,899.0,1437,122,567,908,22,0.5143963501712012,0.5714285714285714,1
1978,HOU,74,88,605,634,1408,70,434,743.0,1328,86,578,930,-29,0.47859271776928075,0.4567901234567901,0
1978,LAN,95,67,727,573,1435,149,610,818.0,1362,107,440,800,154,0.6072135812150415,0.5864197530864198,1
1978,MON,76,86,633,611,1404,121,396,881.0,1332,117,572,740,22,0.5161777104238563,0.4691358024691358,0
1978,NYN,66,96,607,690,1332,86,549,829.0,1447,114,531,775,-83,0.4416328263726074,0.4074074074074074,0
1978,PHI,90,72,708,586,1404,133,552,866.0,1343,118,393,813,122,0.5856709083438243,0.5555555555555556,1
1978,PIT,88,73,684,637,1390,115,480,874.0,1366,103,499,880,47,0.5325226465195723,0.546583850931677,1
1978,SDN,84,78,591,598,1349,75,536,848.0,1385,74,483,744,-7,0.4946132664537901,0.5185185185185185,1
1978,SFN,89,73,613,594,1331,117,554,814.0,1377,84,453,840,19,0.5144006857186146,0.5493827160493827,1
1978,SLN,69,93,600,657,1351,79,420,713.0,1300,94,600,859,-57,0.45857505281288846,0.42592592592592593,0
1979,BAL,102,57,757,582,1401,181,608,847.0,1279,133,467,786,175,0.6180061345555429,0.6415094339622641,1
1979,BOS,91,69,841,711,1567,194,512,708.0,1487,133,463,731,130,0.5762241784949999,0.56875,1
1979,CAL,88,74,866,768,1563,164,589,843.0,1463,131,573,820,98,0.5547234548293042,0.5432098765432098,1
1979,CHA,73,87,730,748,1505,127,454,668.0,1365,114,618,675,-18,0.488857856853354,0.45625,0
1979,CLE,81,80,760,805,1388,138,657,786.0,1502,138,570,781,-45,0.47370711717350056,0.5031055900621118,1
1979,DET,85,76,770,738,1446,164,575,814.0,1429,167,547,802,32,0.519409602321858,0.5279503105590062,1
1979,KCA,85,77,851,816,1596,116,528,675.0,1477,165,536,640,35,0.5192045291940081,0.5246913580246914,1
1979,MIN,82,80,764,725,1544,112,526,693.0,1590,128,452,721,39,0.5239528825206635,0.5061728395061729,1
1979,ML4,95,66,807,722,1552,185,549,745.0,1563,162,381,580,85,0.5507437769560332,0.5900621118012422,1
1979,NYA,89,71,734,672,1443,150,509,590.0,1446,123,455,731,62,0.5402871641966829,0.55625,1
1979,OAK,54,108,573,860,1276,108,482,751.0,1606,147,654,726,-287,0.32233418685384624,0.3333333333333333,0
1979,SEA,67,95,711,820,1490,132,515,725.0,1567,165,571,736,-109,0.435113871949356,0.41358024691358025,0
1979,TEX,83,79,750,698,1549,140,461,607.0,1371,135,532,773,52,0.5328259682229536,0.5123456790123457,1
1979,TOR,53,109,613,862,1362,95,448,663.0,1537,165,594,613,-249,0.3489110358269652,0.3271604938271605,0
1979,ATL,66,94,669,763,1389,126,490,818.0,1496,132,494,779,-94,0.44013914422838435,0.4125,0
1979,CHN,80,82,706,707,1494,135,478,762.0,1500,127,521,933,-1,0.499352441867532,0.49382716049382713,0
1979,CIN,90,71,731,644,1445,132,614,902.0,1415,103,485,773,87,0.5577136073120403,0.5590062111801242,1
1979,HOU,89,73,583,582,1382,49,461,745.0,1278,90,504,854,1,0.5007854072722299,0.5493827160493827,1
1979,LAN,79,83,739,717,1443,183,556,834.0,1425,101,555,811,22,0.5138230784379413,0.4876543209876543,0
1979,MON,95,65,701,581,1445,143,432,890.0,1379,116,450,813,120,0.5850636593406212,0.59375,1
1979,NYN,63,99,593,706,1399,74,498,817.0,1486,120,607,819,-113,0.4208731309620766,0.3888888888888889,0
1979,PHI,84,78,683,718,1453,119,602,764.0,1455,135,477,787,-35,0.4771524924935355,0.5185185185185185,1
1979,PIT,98,64,775,643,1541,148,483,855.0,1424,125,504,904,132,0.5846020780354331,0.6049382716049383,1
1979,SDN,68,93,603,681,1316,93,534,770.0,1438,108,513,779,-78,0.4445760535412309,0.422360248447205,0
1979,SFN,71,91,672,751,1328,125,580,925.0,1484,143,577,880,-79,0.4493246937437577,0.4382716049382716,0
1979,SLN,86,76,731,693,1594,100,460,838.0,1449,127,501,788,38,0.524403528014881,0.5308641975308642,1
1980,BAL,100,62,805,640,1523,156,587,766.0,1438,134,507,789,165,0.6034245274933304,0.6172839506172839,1
1980,BOS,83,77,757,767,1588,162,475,720.0,1557,129,481,696,-10,0.49399626538519575,0.51875,1
1980,CAL,65,95,698,797,1442,106,539,889.0,1548,141,529,725,-99,0.43961539404320327,0.40625,0
1980,CHA,70,90,587,722,1408,91,399,670.0,1434,108,563,724,-135,0.40641380176959657,0.4375,0
1980,CLE,79,81,738,807,1517,89,617,625.0,1519,137,552,843,-69,0.4591996438394978,0.49375,0
1980,DET,84,78,830,757,1543,143,645,844.0,1505,152,558,741,73,0.5420192286283662,0.5185185185185185,1
1980,KCA,97,65,809,694,1633,115,508,709.0,1496,129,465,614,115,0.5696904550913774,0.5987654320987654,1
1980,MIN,77,84,670,724,1468,99,436,703.0,1502,120,468,744,-54,0.46459683503335997,0.4782608695652174,0
1980,ML4,86,76,811,682,1555,203,455,745.0,1530,137,420,575,129,0.5785993597245864,0.5308641975308642,1
1980,NYA,103,59,820,662,1484,189,643,739.0,1433,102,463,845,158,0.5966897008154161,0.6358024691358025,1
1980,OAK,83,79,686,642,1424,137,506,824.0,1347,142,521,769,44,0.5302902289722375,0.5123456790123457,1
1980,SEA,59,103,610,793,1359,104,483,727.0,1565,159,540,703,-183,0.38222222999124206,0.36419753086419754,0
1980,TEX,76,85,756,752,1616,124,480,589.0,1561,119,519,890,4,0.5024270423327131,0.4720496894409938,0
1980,TOR,67,95,624,762,1398,126,448,813.0,1523,135,635,705,-138,0.4095981081266352,0.41358024691358025,0
1980,ATL,81,80,630,660,1352,144,434,899.0,1397,131,454,696,-30,0.47872993733967745,0.5031055900621118,1
1980,CHN,64,98,614,728,1411,107,471,912.0,1525,109,589,923,-114,0.422709554768482,0.3950617283950617,0
1980,CIN,89,73,707,670,1445,113,537,852.0,1404,113,506,833,37,0.5245721655689208,0.5493827160493827,1
1980,HOU,93,70,637,589,1455,75,540,755.0,1367,69,466,929,48,0.5357808711039523,0.5705521472392638,1
1980,LAN,92,71,663,591,1462,148,492,846.0,1358,105,480,835,72,0.552400611976319,0.5644171779141104,1
1980,MON,90,72,694,629,1407,114,547,865.0,1447,100,460,823,65,0.5448698378895911,0.5555555555555556,1
1980,NYN,67,95,611,702,1407,61,501,840.0,1473,140,510,886,-91,0.4368218174702663,0.41358024691358025,0
1980,PHI,91,71,728,639,1517,117,472,708.0,1419,87,530,889,89,0.5593749633310996,0.5617283950617284,1
1980,PIT,83,79,666,646,1469,116,452,760.0,1422,110,451,832,20,0.5139456333943163,0.5123456790123457,1
1980,SDN,73,89,591,654,1410,67,563,791.0,1474,97,536,728,-63,0.45379144750676226,0.4506172839506173,0
1980,SFN,75,86,573,634,1310,80,509,840.0,1446,92,492,811,-61,0.45384955167347124,0.4658385093167702,0
1980,SLN,74,88,738,710,1541,101,451,781.0,1454,90,495,664,28,0.517688191561841,0.4567901234567901,0
1981,BAL,59,46,429,437,883,88,404,454.0,923,83,347,489,-8,0.49154790885695837,0.5619047619047619,1
1981,BOS,59,49,519,481,1052,90,378,520.0,983,90,354,536,38,0.5347307308394859,0.5462962962962963,1
1981,CAL,51,59,476,453,944,97,393,571.0,958,81,323,426,23,0.5226425238868383,0.4636363636363636,0
1981,CHA,54,52,476,423,982,76,322,518.0,891,73,336,529,53,0.5537968510947184,0.5094339622641509,1
1981,CLE,52,51,431,442,922,39,343,379.0,989,67,311,569,-11,0.4884722233862916,0.5048543689320388,1
1981,DET,60,49,427,404,922,65,404,500.0,840,83,373,476,23,0.5253097288014054,0.5504587155963303,1
1981,KCA,50,53,397,405,952,61,301,419.0,909,75,273,404,-8,0.4908735289709356,0.4854368932038835,0
1981,MIN,41,68,378,486,884,47,275,497.0,1021,79,376,500,-108,0.3870082649594931,0.3761467889908257,0
1981,ML4,62,47,493,459,961,96,300,461.0,994,72,352,448,34,0.5326459666846046,0.5688073394495413,1
1981,NYA,59,48,421,343,889,100,391,434.0,827,64,287,606,78,0.5926596876386087,0.5514018691588785,1
1981,OAK,64,45,458,403,910,104,342,647.0,883,80,370,505,55,0.5582632967690582,0.5871559633027523,1
1981,SEA,44,65,426,521,950,89,329,553.0,1039,76,360,478,-95,0.4089280394548382,0.4036697247706422,0
1981,TEX,57,48,452,389,968,49,295,396.0,891,67,322,488,63,0.568243484826407,0.5428571428571428,1
1981,TOR,37,69,329,466,797,61,284,556.0,908,72,377,451,-137,0.3459082588478088,0.3490566037735849,0
1981,ATL,50,56,395,416,886,64,321,540.0,936,62,330,471,-21,0.476319460457013,0.4716981132075472,0
1981,CHN,38,65,370,483,838,57,342,611.0,983,59,388,532,-113,0.3804308299707716,0.36893203883495146,0
1981,CIN,66,42,464,440,972,64,375,553.0,863,67,393,593,24,0.5242786365805177,0.6111111111111112,1
1981,HOU,61,49,394,331,948,45,340,488.0,842,40,300,610,63,0.579042874950898,0.5545454545454546,1
1981,LAN,63,47,450,356,984,82,331,550.0,904,54,302,603,94,0.6055870446811747,0.5727272727272728,1
1981,MON,60,48,443,394,883,81,368,498.0,902,58,268,520,49,0.5534229321031847,0.5555555555555556,1
1981,NYN,41,62,348,432,868,57,304,603.0,906,74,336,490,-84,0.40234871429299746,0.39805825242718446,0
1981,PHI,59,48,491,472,1002,69,372,432.0,967,72,347,580,19,0.51804745875928,0.5514018691588785,1
1981,PIT,46,56,407,425,920,55,278,494.0,953,60,346,492,-18,0.48021157898655314,0.45098039215686275,0
1981,SDN,41,69,382,455,963,32,311,525.0,1013,64,414,492,-73,0.4206697616885969,0.37272727272727274,0
1981,SFN,56,55,427,414,941,63,386,543.0,970,57,393,561,13,0.5141412307040887,0.5045045045045045,1
1981,SLN,59,43,464,417,936,50,379,495.0,902,52,290,388,47,0.548705301085204,0.5784313725490197,1
1982,BAL,94,68,774,687,1478,179,634,796.0,1436,147,488,719,87,0.5543357721421706,0.5802469135802469,1
1982,BOS,89,73,753,713,1536,136,547,736.0,1557,155,478,816,40,0.5249513489344357,0.5493827160493827,1
1982,CAL,93,69,814,670,1518,186,613,760.0,1436,124,482,728,144,0.5881370271159434,0.5740740740740741,1
1982,CHA,87,75,786,710,1523,136,533,866.0,1502,99,460,753,76,0.5463902048532997,0.5370370370370371,1
1982,CLE,78,84,683,748,1458,109,651,625.0,1433,122,589,882,-65,0.45850519349481406,0.48148148148148145,0
1982,DET,83,79,729,685,1489,177,470,807.0,1371,172,554,740,44,0.5284508480180754,0.5123456790123457,1
1982,KCA,90,72,784,717,1603,132,442,758.0,1443,163,471,650,67,0.5407791494981945,0.5555555555555556,1
1982,MIN,60,102,657,819,1427,148,474,887.0,1484,208,643,812,-162,0.4005120262566153,0.37037037037037035,0
1982,ML4,95,67,891,717,1599,216,484,714.0,1514,152,511,717,174,0.5981112619135681,0.5864197530864198,1
1982,NYA,79,83,709,716,1417,161,590,719.0,1471,113,491,939,-7,0.49550534807714364,0.4876543209876543,0
1982,OAK,68,94,691,819,1286,149,582,948.0,1506,177,648,697,-128,0.42287115808613,0.41975308641975306,0
1982,SEA,76,86,651,712,1431,130,456,806.0,1431,173,547,1002,-61,0.459114014372338,0.4691358024691358,0
1982,TEX,64,98,590,749,1354,115,447,750.0,1554,128,483,690,-159,0.3925351807114891,0.3950617283950617,0
1982,TOR,78,84,651,701,1447,106,415,749.0,1428,147,493,776,-50,0.4661974423267889,0.48148148148148145,0
1982,ATL,89,73,739,702,1411,146,554,869.0,1484,126,502,813,37,0.5234819795525545,0.5493827160493827,1
1982,CHN,73,89,676,709,1436,102,460,869.0,1510,125,452,764,-33,0.47820824262800604,0.4506172839506173,0
1982,CIN,61,101,545,661,1375,82,470,817.0,1414,105,570,998,-116,0.41262324153071117,0.3765432098765432,0
1982,HOU,77,85,569,620,1342,74,435,830.0,1338,87,479,899,-51,0.46080919312186897,0.47530864197530864,0
1982,LAN,88,74,691,612,1487,138,528,804.0,1356,81,468,932,79,0.5553165919075845,0.5432098765432098,1
1982,MON,86,76,697,616,1454,133,503,816.0,1371,110,448,936,81,0.5562793401388264,0.5308641975308642,1
1982,NYN,65,97,609,723,1361,97,456,1005.0,1508,119,582,759,-114,0.4221358934553503,0.4012345679012346,0
1982,PHI,89,73,664,654,1417,112,506,831.0,1395,86,472,1002,10,0.5069420239783138,0.5493827160493827,1
1982,PIT,84,78,724,696,1535,134,447,862.0,1434,118,521,933,28,0.5180367625575195,0.5185185185185185,1
1982,SDN,81,81,675,658,1435,81,429,877.0,1348,139,502,765,17,0.5116676814641341,0.5,0
1982,SFN,87,75,673,687,1393,133,607,915.0,1507,109,466,810,-14,0.49058166379667806,0.5370370370370371,1
1982,SLN,92,70,685,609,1439,67,569,805.0,1420,94,502,689,76,0.553595564281453,0.5679012345679012,1
1983,BAL,98,64,799,652,1492,168,601,800.0,1451,130,452,774,147,0.5919588227671863,0.6049382716049383,1
1983,BOS,78,84,724,775,1512,142,536,758.0,1572,158,493,767,-51,0.4688974363781003,0.48148148148148145,0
1983,CAL,70,92,722,779,1467,154,509,835.0,1636,130,496,668,-57,0.4652923553394436,0.43209876543209874,0
1983,CHA,99,63,800,650,1439,157,527,888.0,1355,128,447,877,150,0.593868288223511,0.6111111111111112,1
1983,CLE,70,92,704,785,1451,86,605,691.0,1531,120,529,794,-81,0.4503400595197877,0.43209876543209874,0
1983,DET,92,70,789,679,1530,156,508,831.0,1318,170,522,875,110,0.5682625020933403,0.5679012345679012,1
1983,KCA,79,83,696,767,1515,109,397,722.0,1535,133,471,593,-71,0.45567641150405613,0.4876543209876543,0
1983,MIN,70,92,709,822,1463,141,467,802.0,1559,163,580,748,-113,0.432752607022477,0.43209876543209874,0
1983,ML4,87,75,764,708,1556,132,475,665.0,1513,133,491,689,56,0.5347703785989744,0.5370370370370371,1
1983,NYA,91,71,770,703,1535,153,533,686.0,1449,116,455,892,67,0.5415518288751151,0.5617283950617284,1
1983,OAK,74,88,708,782,1447,121,524,872.0,1462,135,626,719,-74,0.45464464801464194,0.4567901234567901,0
1983,SEA,60,102,558,740,1280,111,460,840.0,1455,145,544,910,-182,0.37364926286489913,0.37037037037037035,0
1983,TEX,77,85,639,609,1429,106,442,767.0,1392,97,471,826,30,0.5219852451542117,0.47530864197530864,0
1983,TOR,89,73,795,726,1546,167,510,810.0,1434,145,517,835,69,0.5414420931095647,0.5493827160493827,1
1983,ATL,88,74,746,640,1489,130,582,847.0,1412,132,540,895,106,0.5696592616014102,0.5432098765432098,1
1983,CHN,71,91,701,719,1436,140,470,868.0,1496,117,498,807,-18,0.48840286748413675,0.4382716049382716,0
1983,CIN,74,88,623,710,1274,107,588,1006.0,1365,135,627,934,-87,0.44047986842555736,0.4567901234567901,0
1983,HOU,85,77,643,646,1412,97,517,869.0,1276,94,570,904,-3,0.4978704512349195,0.5246913580246914,1
1983,LAN,91,71,654,609,1358,146,541,925.0,1336,97,495,1000,45,0.532568577016445,0.5617283950617284,1
1983,MON,82,80,677,646,1482,102,509,733.0,1406,120,479,899,31,0.5214306964553597,0.5061728395061729,1
1983,NYN,68,94,575,680,1314,112,436,1031.0,1384,97,615,717,-105,0.4238636212120798,0.41975308641975306,0
1983,PHI,90,72,696,635,1352,125,640,906.0,1429,111,464,1092,61,0.5418657790051596,0.5555555555555556,1
1983,PIT,84,78,659,648,1460,121,497,873.0,1378,109,563,1061,11,0.5077004145580878,0.5185185185185185,1
1983,SDN,81,81,653,653,1384,93,482,822.0,1389,144,528,850,0,0.5,0.5,0
1983,SFN,79,83,687,697,1324,142,619,990.0,1431,127,520,881,-10,0.49338899855728835,0.4876543209876543,0
1983,SLN,79,83,679,710,1496,83,543,879.0,1479,115,525,709,-31,0.47958679497072537,0.4876543209876543,0
1984,BAL,85,77,681,667,1374,160,620,884.0,1393,137,512,714,14,0.5095021648606884,0.5246913580246914,1
1984,BOS,86,76,810,764,1598,181,500,842.0,1524,141,517,927,46,0.526722916777577,0.5308641975308642,1
1984,CAL,81,81,696,697,1363,150,556,928.0,1526,143,474,754,-1,0.4993431445579327,0.5,0
1984,CHA,74,88,679,736,1360,172,523,883.0,1416,155,483,840,-57,0.4631881161353644,0.4567901234567901,0
1984,CLE,75,87,761,766,1498,123,600,815.0,1523,141,545,803,-5,0.4970039544240016,0.46296296296296297,0
1984,DET,104,58,829,643,1529,187,602,941.0,1358,130,489,914,186,0.6141896996077315,0.6419753086419753,1
1984,KCA,84,78,673,686,1487,117,400,832.0,1426,136,433,724,-13,0.49124786767458783,0.5185185185185185,1
1984,MIN,81,81,673,675,1473,114,437,735.0,1429,159,463,713,-2,0.4986424355742496,0.5,0
1984,ML4,67,94,641,734,1446,96,432,673.0,1532,137,480,785,-93,0.4383336489520077,0.4161490683229814,0
1984,NYA,87,75,758,679,1560,130,534,673.0,1485,120,518,992,79,0.5501839442714909,0.5370370370370371,1
1984,OAK,77,85,738,796,1415,158,568,871.0,1554,155,592,695,-58,0.4654428544944102,0.47530864197530864,0
1984,SEA,74,88,682,774,1429,129,519,871.0,1497,138,619,972,-92,0.4423642694666603,0.4567901234567901,0
1984,TEX,69,92,656,714,1452,120,420,807.0,1443,148,518,863,-58,0.46131706266346695,0.42857142857142855,0
1984,TOR,89,73,750,696,1555,143,460,816.0,1433,140,528,875,54,0.5341328515905976,0.5493827160493827,1
1984,ATL,80,82,632,655,1338,111,555,896.0,1401,122,525,859,-23,0.48365210663654795,0.49382716049382713,0
1984,CHN,96,65,762,658,1415,136,567,967.0,1458,99,442,879,104,0.5667337477812394,0.5962732919254659,1
1984,CIN,70,92,627,747,1342,106,566,978.0,1445,128,578,946,-120,0.42056191148559224,0.43209876543209874,0
1984,HOU,80,82,693,630,1465,79,494,837.0,1350,91,502,950,63,0.5434941998590651,0.49382716049382713,0
1984,LAN,79,83,580,600,1316,102,488,829.0,1381,76,499,1033,-20,0.4844950129386454,0.4876543209876543,0
1984,MON,78,83,593,585,1367,96,470,782.0,1333,114,474,861,8,0.5062136975217862,0.484472049689441,0
1984,NYN,90,72,652,676,1400,107,500,1001.0,1371,104,573,1028,-24,0.48346808307122524,0.5555555555555556,1
1984,PHI,81,81,720,690,1494,147,555,1084.0,1416,101,448,904,30,0.5194611870709765,0.5,0
1984,PIT,75,87,615,567,1412,98,438,841.0,1344,102,502,995,48,0.5371094415644784,0.46296296296296297,0
1984,SDN,92,70,686,634,1425,109,472,810.0,1327,122,563,812,52,0.5360017069232005,0.5679012345679012,1
1984,SFN,66,96,682,807,1499,112,528,980.0,1589,125,549,854,-125,0.4236083531611508,0.4074074074074074,0
1984,SLN,84,78,652,645,1369,75,516,924.0,1427,94,494,808,7,0.504938206574602,0.5185185185185185,1
1985,BAL,83,78,818,764,1451,214,604,908.0,1480,160,568,793,54,0.5312041492556927,0.515527950310559,1
1985,BOS,81,81,800,720,1615,162,562,816.0,1487,130,540,913,80,0.5480536594457353,0.5,0
1985,CAL,90,72,732,703,1364,153,648,902.0,1453,171,514,767,29,0.5184853780550939,0.5555555555555556,1
1985,CHA,85,77,736,720,1386,146,471,843.0,1411,161,569,1023,16,0.5100539944470738,0.5246913580246914,1
1985,CLE,60,102,729,861,1465,116,492,817.0,1556,170,547,702,-132,0.4244455731016944,0.37037037037037035,0
1985,DET,84,77,729,688,1413,202,526,926.0,1313,141,556,943,41,0.526457603538112,0.5217391304347826,1
1985,KCA,91,71,687,639,1384,154,473,840.0,1433,103,463,846,48,0.5330882221753287,0.5617283950617284,1
1985,MIN,77,85,705,782,1453,141,502,779.0,1468,164,462,767,-77,0.4527186436296415,0.47530864197530864,0
1985,ML4,71,90,690,802,1467,101,462,746.0,1510,175,499,777,-112,0.4316154636669837,0.4409937888198758,0
1985,NYA,97,64,839,660,1458,176,620,771.0,1373,157,518,907,179,0.6080556864138864,0.6024844720496895,1
1985,OAK,77,85,757,787,1475,155,508,861.0,1451,172,607,785,-30,0.4822267562874592,0.47530864197530864,0
1985,SEA,74,88,719,818,1410,171,564,942.0,1456,154,637,868,-99,0.44125462188266174,0.4567901234567901,0
1985,TEX,62,99,617,785,1359,129,530,819.0,1479,173,501,863,-168,0.3915763563641793,0.38509316770186336,0
1985,TOR,99,62,759,588,1482,158,503,807.0,1312,147,484,823,171,0.614709674009654,0.6149068322981367,1
1985,ATL,66,96,632,781,1359,126,553,849.0,1512,134,642,776,-149,0.40434698305139466,0.4074074074074074,0
1985,CHN,77,84,686,729,1397,150,562,937.0,1492,156,519,820,-43,0.47221443739880636,0.4782608695652174,0
1985,CIN,89,72,677,666,1385,114,576,856.0,1347,131,535,910,11,0.5074940218535013,0.5527950310559007,1
1985,HOU,83,79,706,691,1457,121,477,873.0,1393,119,543,909,15,0.5098237374228529,0.5123456790123457,1
1985,LAN,95,67,682,579,1434,129,539,846.0,1280,102,462,979,103,0.5743498009101441,0.5864197530864198,1
1985,MON,84,77,633,636,1342,118,492,880.0,1346,99,509,870,-3,0.4978368888980786,0.5217391304347826,1
1985,NYN,98,64,695,568,1425,134,546,872.0,1306,111,515,1039,127,0.5912841392025698,0.6049382716049383,1
1985,PHI,75,87,667,673,1343,141,527,1095.0,1424,115,596,899,-6,0.495903049387407,0.46296296296296297,0
1985,PIT,57,104,568,708,1340,80,514,842.0,1406,107,584,962,-140,0.4005460310635138,0.35403726708074534,0
1985,SDN,83,79,650,622,1405,109,513,809.0,1399,127,443,727,28,0.5201338706975591,0.5123456790123457,1
1985,SFN,62,100,556,674,1263,115,488,962.0,1348,125,572,985,-118,0.41284778647112574,0.38271604938271603,0
1985,SLN,101,61,747,572,1446,87,586,853.0,1343,98,453,798,175,0.6197471001512089,0.6234567901234568,1
1986,BAL,73,89,708,760,1425,169,563,862.0,1451,177,535,954,-52,0.4676203680372282,0.4506172839506173,0
1986,BOS,95,66,794,696,1488,144,595,707.0,1469,167,474,1033,98,0.5599780207198534,0.5900621118012422,1
1986,CAL,92,70,786,684,1387,167,671,860.0,1356,153,478,955,102,0.5632513064036802,0.5679012345679012,1
1986,CHA,72,90,644,699,1335,121,487,940.0,1361,143,561,895,-55,0.46257706832191925,0.4444444444444444,0
1986,CLE,84,78,831,841,1620,157,456,944.0,1548,167,605,744,-10,0.49452766522709996,0.5185185185185185,1
1986,DET,87,75,798,714,1447,198,613,885.0,1374,183,571,880,84,0.5507107710923497,0.5370370370370371,1
1986,KCA,76,86,654,673,1403,137,474,919.0,1413,121,479,888,-19,0.4869011228977561,0.4691358024691358,0
1986,MIN,71,91,741,839,1446,196,501,977.0,1579,200,503,937,-98,0.44341730132990914,0.4382716049382716,0
1986,ML4,77,84,667,734,1393,127,530,986.0,1478,158,494,952,-67,0.456320194096991,0.4782608695652174,0
1986,NYA,90,72,797,738,1512,188,645,911.0,1461,175,492,878,59,0.5351287441655173,0.5555555555555556,1
1986,OAK,76,86,731,760,1370,163,553,983.0,1334,166,667,937,-29,0.4822084892349168,0.4691358024691358,0
1986,SEA,67,95,718,835,1392,158,572,1148.0,1590,171,585,944,-117,0.4313707416014371,0.41358024691358025,0
1986,TEX,87,75,771,743,1479,184,511,1088.0,1356,145,736,1059,28,0.5169175302154859,0.5370370370370371,1
1986,TOR,86,76,809,733,1540,181,496,848.0,1467,164,487,1002,76,0.5450116567970773,0.5308641975308642,1
1986,ATL,72,89,615,719,1348,138,538,904.0,1443,117,576,932,-104,0.4290036146639628,0.4472049689440994,0
1986,CHN,70,90,680,781,1409,155,508,966.0,1546,143,557,962,-101,0.43698123518004706,0.4375,0
1986,CIN,86,76,732,717,1404,144,586,920.0,1465,136,524,924,15,0.509471254997937,0.5308641975308642,1
1986,HOU,96,66,654,569,1388,125,536,916.0,1203,116,523,1160,85,0.5633539635723039,0.5925925925925926,1
1986,LAN,73,89,638,679,1373,130,478,966.0,1428,115,499,1051,-41,0.471536406064491,0.4506172839506173,0
1986,MON,78,83,637,688,1401,110,537,1016.0,1350,119,566,1051,-51,0.46482194067416566,0.484472049689441,0
1986,NYN,108,54,783,578,1462,148,631,968.0,1304,103,509,1083,205,0.6354136206048556,0.6666666666666666,1
1986,PHI,86,75,739,713,1386,154,589,1154.0,1473,130,553,874,26,0.5163801852509567,0.5341614906832298,1
1986,PIT,64,98,663,700,1366,111,569,929.0,1397,138,570,924,-37,0.47517573203209096,0.3950617283950617,0
1986,SDN,74,88,656,723,1442,136,484,917.0,1406,150,607,934,-67,0.4556258959027346,0.4567901234567901,0
1986,SFN,83,79,698,618,1394,114,536,1087.0,1264,121,591,992,80,0.5554625979564821,0.5123456790123457,1
1986,SLN,79,82,601,611,1270,58,568,905.0,1364,135,485,761,-10,0.4924508974278899,0.4906832298136646,0
1987,BAL,67,95,729,880,1437,211,524,939.0,1555,226,547,870,-151,0.41471820633852535,0.41358024691358025,0
1987,BOS,78,84,842,825,1554,174,606,825.0,1584,190,517,1034,17,0.5093303740228577,0.48148148148148145,0
1987,CAL,75,87,770,803,1406,172,590,926.0,1481,212,504,941,-33,0.4808108085020895,0.46296296296296297,0
1987,CHA,77,85,748,746,1427,173,487,971.0,1436,189,537,792,2,0.5012248978796859,0.47530864197530864,0
1987,CLE,61,101,742,957,1476,187,489,977.0,1566,219,606,849,-215,0.3856460871046028,0.3765432098765432,0
1987,DET,98,64,896,735,1535,225,653,913.0,1430,180,563,976,161,0.5896377217131987,0.6049382716049383,1
1987,KCA,83,79,715,691,1443,168,523,1034.0,1424,128,548,923,24,0.5156152142232346,0.5123456790123457,1
1987,MIN,85,77,786,806,1422,196,523,898.0,1465,210,564,990,-20,0.48850644540727806,0.5246913580246914,1
1987,ML4,91,71,862,817,1552,163,598,1040.0,1548,169,529,1039,45,0.524509740514854,0.5617283950617284,1
1987,NYA,89,73,788,758,1445,196,604,949.0,1475,179,542,900,30,0.5177502647220888,0.5493827160493827,1
1987,OAK,81,81,806,789,1432,199,593,1056.0,1442,176,531,1042,17,0.5097514837507711,0.5,0
1987,SEA,78,84,760,801,1499,161,500,863.0,1503,199,497,919,-41,0.4759803029885472,0.48148148148148145,0
1987,TEX,75,87,823,849,1478,194,567,1081.0,1388,199,760,1103,-26,0.4857742244823508,0.46296296296296297,0
1987,TOR,96,66,845,655,1514,215,555,970.0,1323,158,567,1064,190,0.6144611045417937,0.5925925925925926,1
1987,ATL,69,92,747,829,1401,152,641,834.0,1529,163,587,837,-82,0.45249284106921167,0.42857142857142855,0
1987,CHN,76,85,720,801,1475,209,504,1064.0,1524,159,628,1024,-81,0.45138016401353837,0.4720496894409938,0
1987,CIN,84,78,783,752,1478,192,514,928.0,1486,170,485,919,31,0.518472928158692,0.5185185185185185,1
1987,HOU,76,86,648,678,1386,122,526,936.0,1363,141,525,1137,-30,0.47930693594490564,0.4691358024691358,0
1987,LAN,73,89,635,675,1389,125,445,923.0,1415,130,565,1097,-40,0.47208144996573576,0.4506172839506173,0
1987,MON,91,71,741,720,1467,120,501,918.0,1428,145,446,1012,21,0.5131498235337417,0.5617283950617284,1
1987,NYN,92,70,823,698,1499,192,592,1012.0,1407,135,510,1032,125,0.5748015596565101,0.5679012345679012,1
1987,PHI,80,82,702,749,1390,169,587,1109.0,1453,167,587,877,-47,0.47038614813170326,0.49382716049382713,0
1987,PIT,80,82,723,744,1464,131,535,914.0,1377,164,562,914,-21,0.48690394168453793,0.49382716049382713,0
1987,SDN,65,97,668,763,1419,113,577,992.0,1402,175,602,897,-95,0.43946469629941926,0.4012345679012346,0
1987,SFN,90,72,783,669,1458,205,511,1094.0,1407,146,547,1038,114,0.5714936961936019,0.5555555555555556,1
1987,SLN,95,67,798,693,1449,94,644,933.0,1484,129,533,873,105,0.5641873270820752,0.5864197530864198,1
1988,BAL,54,107,550,789,1275,137,504,869.0,1506,153,523,709,-239,0.34066056248420906,0.33540372670807456,0
1988,BOS,89,73,813,689,1569,124,623,728.0,1415,143,493,1085,124,0.5751381961747486,0.5493827160493827,1
1988,CAL,75,87,714,771,1458,124,469,819.0,1503,135,568,817,-57,0.4649192581977137,0.46296296296296297,0
1988,CHA,71,90,631,757,1327,132,446,908.0,1467,138,533,754,-126,0.4174707236079093,0.4409937888198758,0
1988,CLE,78,84,666,731,1435,134,416,866.0,1501,120,442,812,-65,0.4574986762454962,0.48148148148148145,0
1988,DET,88,74,703,658,1358,143,588,841.0,1361,150,497,890,45,0.5302276153077501,0.5432098765432098,1
1988,KCA,84,77,704,648,1419,121,486,944.0,1415,102,465,886,56,0.5378485633491783,0.5217391304347826,1
1988,MIN,91,71,759,672,1508,151,528,832.0,1457,146,453,897,87,0.5554683780841514,0.5617283950617284,1
1988,ML4,87,75,682,616,1409,113,439,911.0,1355,125,437,832,66,0.5464314205602172,0.5370370370370371,1
1988,NYA,85,76,772,748,1469,148,588,935.0,1512,157,487,861,24,0.5144445488226113,0.5279503105590062,1
1988,OAK,104,58,800,620,1474,156,580,926.0,1376,116,553,983,180,0.6145438428194698,0.6419753086419753,1
1988,SEA,68,93,664,744,1397,148,461,787.0,1385,144,558,981,-80,0.44814246002918223,0.422360248447205,0
1988,TEX,70,91,637,735,1378,112,542,1022.0,1310,129,654,912,-98,0.4349029597556897,0.43478260869565216,0
1988,TOR,87,75,763,680,1491,158,521,935.0,1404,143,528,904,83,0.5524939378034499,0.5370370370370371,1
1988,ATL,54,106,555,741,1319,96,432,848.0,1481,108,524,810,-186,0.3707666006526521,0.3375,0
1988,CHN,77,85,660,694,1481,113,403,910.0,1494,115,490,897,-34,0.47703497183975674,0.47530864197530864,0
1988,CIN,87,74,641,596,1334,122,479,922.0,1271,121,504,934,45,0.533251719986011,0.5403726708074534,1
1988,HOU,82,80,617,631,1338,96,474,840.0,1339,123,478,1049,-14,0.48973658818650456,0.5061728395061729,1
1988,LAN,94,67,628,544,1346,99,437,947.0,1291,84,473,1029,84,0.5653174366522785,0.5838509316770186,1
1988,MON,81,81,628,592,1400,107,454,1053.0,1310,122,476,923,36,0.5269816044489611,0.5,0
1988,NYN,100,60,703,532,1387,152,544,842.0,1253,78,404,1100,171,0.6248171468864459,0.625,1
1988,PHI,65,96,597,734,1294,106,489,981.0,1447,118,628,859,-137,0.4065941133041142,0.40372670807453415,0
1988,PIT,85,75,651,616,1327,110,553,947.0,1349,108,469,790,35,0.5252611494664092,0.53125,1
1988,SDN,83,78,594,583,1325,94,494,892.0,1332,112,439,885,11,0.5085508170992974,0.515527950310559,1
1988,SFN,83,79,670,626,1353,113,550,1023.0,1323,99,422,875,44,0.5310368032519944,0.5123456790123457,1
1988,SLN,76,86,578,633,1373,71,484,827.0,1387,91,486,881,-55,0.4585104480154914,0.4691358024691358,0
1989,BAL,87,75,708,686,1369,129,593,957.0,1518,134,486,676,22,0.5144376435549363,0.5370370370370371,1
1989,BOS,83,79,774,735,1571,108,643,755.0,1448,131,548,1054,39,0.523635749695097,0.5123456790123457,1
1989,CAL,91,71,669,578,1422,145,429,1011.0,1384,113,465,897,91,0.5664949327704231,0.5617283950617284,1
1989,CHA,69,92,693,750,1493,94,464,873.0,1472,144,539,778,-57,0.46390065398377656,0.42857142857142855,0
1989,CLE,73,89,604,654,1340,127,499,934.0,1423,107,452,844,-50,0.4636776792551658,0.4506172839506173,0
1989,DET,59,103,617,816,1315,116,585,899.0,1514,150,652,831,-199,0.3748260320714857,0.36419753086419754,0
1989,KCA,92,70,690,635,1428,101,554,897.0,1415,86,455,978,55,0.5379299577948037,0.5679012345679012,1
1989,MIN,80,82,740,738,1542,117,478,743.0,1495,139,500,851,2,0.5012381579001056,0.49382716049382713,0
1989,ML4,81,81,707,679,1415,126,455,791.0,1463,129,457,812,28,0.5184789435146866,0.5,0
1989,NYA,74,87,698,792,1470,130,502,831.0,1550,150,521,787,-94,0.442454522469903,0.45962732919254656,0
1989,OAK,99,63,712,576,1414,127,562,855.0,1287,103,510,930,136,0.5957784037083003,0.6111111111111112,1
1989,SEA,73,89,694,728,1417,134,489,838.0,1422,114,560,897,-34,0.47813215142792037,0.4506172839506173,0
1989,TEX,83,79,695,714,1433,122,503,989.0,1279,119,654,1112,-19,0.4876632184717168,0.5123456790123457,1
1989,TOR,89,73,731,651,1449,142,521,923.0,1408,99,478,849,80,0.5528280919058217,0.5493827160493827,1
1989,ATL,63,97,584,680,1281,128,485,996.0,1370,114,468,966,-96,0.4308188565738231,0.39375,0
1989,CHN,93,69,702,623,1438,124,472,921.0,1369,106,532,918,79,0.5544032709944702,0.5740740740740741,1
1989,CIN,75,87,632,691,1362,128,493,1028.0,1404,125,559,981,-59,0.45925845709501834,0.46296296296296297,0
1989,HOU,86,76,647,669,1316,97,530,860.0,1379,105,551,965,-22,0.4847069937943612,0.5308641975308642,1
1989,LAN,77,83,554,536,1313,89,507,885.0,1278,95,504,1052,18,0.5151068661111945,0.48125,0
1989,MON,81,81,632,630,1353,100,572,958.0,1344,120,519,1059,2,0.5014500763877889,0.5,0
1989,NYN,87,75,683,595,1351,147,504,934.0,1260,115,532,1108,88,0.5627716176908218,0.5370370370370371,1
1989,PHI,67,95,629,735,1324,123,558,926.0,1408,127,613,899,-106,0.42922769874947064,0.41358024691358025,0
1989,PIT,74,88,637,680,1334,95,563,914.0,1394,121,539,827,-43,0.4701502002695329,0.4567901234567901,0
1989,SDN,89,73,642,626,1360,120,552,1013.0,1359,133,481,933,16,0.5115443021439178,0.5493827160493827,1
1989,SFN,92,70,699,600,1365,141,508,1071.0,1320,120,471,802,99,0.5694186336937465,0.5679012345679012,1
1989,SLN,86,76,632,608,1418,73,507,848.0,1330,84,482,844,24,0.517704484486176,0.5308641975308642,1
1990,BAL,76,85,669,698,1328,132,660,962.0,1445,161,537,776,-29,0.480595718433236,0.4720496894409938,0
1990,BOS,88,74,699,664,1502,106,598,795.0,1439,92,519,997,35,0.5234838401339393,0.5432098765432098,1
1990,CAL,80,82,690,706,1448,147,566,1000.0,1482,106,544,944,-16,0.48951397249701606,0.49382716049382713,0
1990,CHA,94,68,682,633,1393,106,478,903.0,1313,106,548,914,49,0.5340580290882806,0.5802469135802469,1
1990,CLE,77,85,732,737,1465,110,458,836.0,1491,163,518,860,-5,0.4968856647365491,0.47530864197530864,0
1990,DET,79,83,750,754,1418,172,634,952.0,1401,154,661,856,-4,0.49756650283886755,0.4876543209876543,0
1990,KCA,75,86,707,709,1465,100,498,879.0,1449,116,560,1006,-2,0.49870762913730765,0.4658385093167702,0
1990,MIN,74,88,666,729,1458,100,445,749.0,1509,134,489,872,-63,0.4587433077341173,0.4567901234567901,0
1990,ML4,74,88,732,760,1408,128,519,821.0,1558,121,469,771,-28,0.48283315212847305,0.4567901234567901,0
1990,NYA,67,95,603,749,1322,147,427,1027.0,1430,144,618,909,-146,0.40208529438521157,0.41358024691358025,0
1990,OAK,103,59,733,570,1379,164,651,992.0,1287,123,494,831,163,0.6130763503116416,0.6358024691358025,1
1990,SEA,77,85,640,680,1419,107,596,749.0,1319,120,606,1064,-40,0.47229264903314433,0.47530864197530864,0
1990,TEX,83,79,676,696,1416,110,575,1054.0,1343,113,623,997,-20,0.48666402640887396,0.5123456790123457,1
1990,TOR,86,76,767,661,1479,167,526,970.0,1434,143,445,892,106,0.5676283371672285,0.5308641975308642,1
1990,ATL,65,97,682,821,1376,162,473,1010.0,1527,128,579,938,-139,0.4159423520255877,0.4012345679012346,0
1990,CHN,77,85,690,774,1474,136,406,869.0,1510,121,572,877,-84,0.44763499662963857,0.47530864197530864,0
1990,CIN,91,71,693,597,1466,125,466,913.0,1338,124,543,1029,96,0.5677989646543182,0.5617283950617284,1
1990,HOU,75,87,573,656,1301,94,548,997.0,1396,130,496,854,-83,0.43842578646800884,0.46296296296296297,0
1990,LAN,86,76,728,685,1436,129,538,952.0,1364,137,478,1021,43,0.5278248341122908,0.5308641975308642,1
1990,MON,85,77,662,598,1363,114,576,1024.0,1349,127,510,991,64,0.5463824850364084,0.5246913580246914,1
1990,NYN,91,71,775,613,1410,172,536,851.0,1339,119,444,1217,162,0.6056662622087706,0.5617283950617284,1
1990,PHI,77,85,646,729,1410,103,582,915.0,1381,124,651,840,-83,0.4449244254225352,0.47530864197530864,0
1990,PIT,95,67,733,619,1395,138,582,914.0,1367,135,413,848,114,0.576725127348253,0.5864197530864198,1
1990,SDN,75,87,673,673,1429,123,509,902.0,1437,147,507,928,0,0.5,0.46296296296296297,0
1990,SFN,85,77,719,710,1459,152,488,973.0,1477,131,553,788,9,0.50576259219773,0.5246913580246914,1
1990,SLN,70,92,599,698,1398,73,517,844.0,1432,98,475,833,-99,0.43047529331791107,0.43209876543209874,0
1991,BAL,67,95,686,796,1421,170,528,974.0,1534,147,504,868,-110,0.43237678445145145,0.41358024691358025,0
1991,BOS,84,78,731,712,1486,126,593,820.0,1405,147,530,999,19,0.5120461818492561,0.5185185185185185,1
1991,CAL,81,81,653,649,1396,115,448,928.0,1351,141,543,990,4,0.5028110391343972,0.5,0
1991,CHA,87,75,758,681,1464,139,610,896.0,1302,154,601,923,77,0.5488515534730428,0.5370370370370371,1
1991,CLE,57,105,576,759,1390,79,449,888.0,1551,110,441,862,-183,0.3763930747359978,0.35185185185185186,0
1991,DET,84,78,817,794,1372,209,699,1185.0,1570,148,593,739,23,0.5130612302406728,0.5185185185185185,1
1991,KCA,82,80,727,722,1475,117,523,969.0,1473,105,529,1004,5,0.5031573204613882,0.5061728395061729,1
1991,MIN,95,67,776,652,1557,140,526,747.0,1402,139,488,876,124,0.5789873049105306,0.5864197530864198,1
1991,ML4,83,79,799,744,1523,116,556,802.0,1498,147,527,859,55,0.5325826205894258,0.5123456790123457,1
1991,NYA,71,91,674,777,1418,147,473,861.0,1510,152,506,936,-103,0.43530354707769575,0.4382716049382716,0
1991,OAK,84,78,760,776,1342,159,642,981.0,1425,155,655,892,-16,0.49046955968448697,0.5185185185185185,1
1991,SEA,83,79,702,674,1400,126,588,811.0,1387,136,628,1003,28,0.5186131514229378,0.5123456790123457,1
1991,TEX,85,77,829,814,1539,177,596,1039.0,1486,151,662,1022,15,0.5083530762959803,0.5246913580246914,1
1991,TOR,91,71,684,622,1412,133,499,1043.0,1301,121,523,971,62,0.5433614564987643,0.5617283950617284,1
1991,ATL,94,68,749,644,1407,141,563,906.0,1304,118,481,969,105,0.5686643163636539,0.5802469135802469,1
1991,CHN,77,83,695,734,1395,159,442,879.0,1415,117,542,927,-39,0.4750425469418861,0.48125,0
1991,CIN,74,88,689,691,1419,164,488,1006.0,1372,127,560,997,-2,0.49867391522428123,0.4567901234567901,0
1991,HOU,65,97,605,717,1345,79,502,1027.0,1347,129,651,1033,-112,0.42291442549307834,0.4012345679012346,0
1991,LAN,93,69,665,565,1366,108,583,957.0,1312,96,500,1028,100,0.5740071269672117,0.5740740740740741,1
1991,MON,71,90,579,655,1329,95,484,1056.0,1304,111,584,909,-76,0.4438135723899822,0.4409937888198758,0
1991,NYN,77,84,640,646,1305,117,578,789.0,1403,108,410,1028,-6,0.4957310214373228,0.4782608695652174,0
1991,PHI,78,84,629,680,1332,111,490,1026.0,1346,111,670,988,-51,0.46439297159465787,0.48148148148148145,0
1991,PIT,98,64,768,632,1433,126,620,901.0,1411,117,401,919,136,0.5882335202420824,0.6049382716049383,1
1991,SDN,84,78,636,646,1321,121,501,1069.0,1385,139,457,921,-10,0.49286305451001505,0.5185185185185185,1
1991,SFN,75,87,649,697,1345,141,471,973.0,1397,143,544,905,-48,0.46740244485120547,0.46296296296296297,0
1991,SLN,84,78,651,648,1366,68,532,857.0,1367,114,454,822,3,0.5021131551476065,0.5185185185185185,1
1992,BAL,89,73,705,656,1423,148,647,827.0,1419,124,518,846,49,0.5329092879960239,0.5493827160493827,1
1992,BOS,73,89,599,669,1343,84,591,865.0,1403,107,535,943,-70,0.449607642204327,0.4506172839506173,0
1992,CAL,72,90,579,671,1306,88,416,882.0,1449,130,532,888,-92,0.4329404864061638,0.4444444444444444,0
1992,CHA,86,76,738,690,1434,110,622,784.0,1400,123,550,810,48,0.5307291168087972,0.5308641975308642,1
1992,CLE,76,86,674,746,1495,127,448,885.0,1507,159,566,890,-72,0.4536988458148075,0.4691358024691358,0
1992,DET,75,87,791,794,1411,182,675,1055.0,1534,155,564,693,-3,0.4982681436590568,0.46296296296296297,0
1992,KCA,72,90,610,667,1411,75,439,741.0,1426,106,512,834,-57,0.4592218007723133,0.4444444444444444,0
1992,MIN,90,72,747,653,1544,104,527,834.0,1391,121,479,923,94,0.5612195826558342,0.5555555555555556,1
1992,ML4,92,70,740,604,1477,82,511,779.0,1344,127,435,793,136,0.5918525576773782,0.5679012345679012,1
1992,NYA,76,86,733,746,1462,163,536,903.0,1453,129,612,851,-13,0.4919578901312252,0.4691358024691358,0
1992,OAK,96,66,745,672,1389,142,707,831.0,1396,129,601,843,73,0.5470405580043699,0.5925925925925926,1
1992,SEA,64,98,679,799,1466,149,474,841.0,1467,129,661,894,-120,0.42609198826559114,0.3950617283950617,0
1992,TEX,77,85,682,753,1387,159,550,1036.0,1471,113,598,1034,-71,0.4548148390059896,0.47530864197530864,0
1992,TOR,96,66,780,682,1458,163,561,933.0,1346,124,541,954,98,0.5611187292669433,0.5925925925925926,1
1992,ATL,98,64,682,569,1391,138,493,924.0,1321,89,489,948,113,0.5821250542070686,0.6049382716049383,1
1992,CHN,78,84,593,624,1420,104,417,816.0,1337,107,575,901,-31,0.4767045219651167,0.48148148148148145,0
1992,CIN,90,72,660,609,1418,99,563,888.0,1362,109,470,1060,51,0.536726601157873,0.5555555555555556,1
1992,HOU,81,81,608,668,1350,96,506,1025.0,1386,114,539,978,-60,0.4570492845656624,0.5,0
1992,LAN,63,99,548,636,1333,72,503,899.0,1401,82,553,981,-88,0.43228618866417023,0.3888888888888889,0
1992,MON,87,75,648,581,1381,102,463,976.0,1296,92,525,1014,67,0.5497661989462084,0.5370370370370371,1
1992,NYN,72,90,599,653,1254,93,572,956.0,1404,98,482,1025,-54,0.4605925469012123,0.4444444444444444,0
1992,PHI,70,92,686,717,1392,118,509,1059.0,1387,113,549,851,-31,0.4797903340722128,0.43209876543209874,0
1992,PIT,96,66,693,595,1409,106,569,872.0,1410,101,455,844,98,0.5693053409998455,0.5925925925925926,1
1992,SDN,82,80,617,636,1396,135,453,864.0,1444,111,439,971,-19,0.48612779673925277,0.5061728395061729,1
1992,SFN,72,90,574,647,1330,105,435,1067.0,1385,128,502,927,-73,0.4454475404328382,0.4444444444444444,0
1992,SLN,83,79,631,604,1464,94,495,996.0,1405,118,400,842,27,0.5199965651426753,0.5123456790123457,1
1993,BAL,85,77,786,745,1470,157,655,930.0,1427,153,579,900,41,0.5244898406062368,0.5246913580246914,1
1993,BOS,80,82,686,698,1451,114,508,871.0,1379,127,552,997,-12,0.4920669409441485,0.49382716049382713,0
1993,CAL,71,91,684,770,1399,114,564,930.0,1482,153,550,843,-86,0.4460281879623607,0.4382716049382716,0
1993,CHA,94,68,776,664,1454,162,604,834.0,1398,125,566,974,112,0.5708310894856488,0.5802469135802469,1
1993,CLE,76,86,790,813,1547,141,488,843.0,1591,182,591,888,-23,0.4868736067865101,0.4691358024691358,0
1993,DET,85,77,899,837,1546,178,765,1122.0,1547,188,542,828,62,0.5326459666846045,0.5246913580246914,1
1993,KCA,84,78,675,694,1455,125,428,936.0,1379,105,571,985,-19,0.487302864528513,0.5185185185185185,1
1993,MIN,71,91,693,830,1480,121,493,850.0,1591,148,514,901,-137,0.41821041976753204,0.4382716049382716,0
1993,ML4,69,93,733,792,1426,125,555,932.0,1511,153,522,810,-59,0.46464144101565685,0.42592592592592593,0
1993,NYA,88,74,821,761,1568,178,629,910.0,1467,170,552,899,60,0.5346638652739513,0.5432098765432098,1
1993,OAK,68,94,715,846,1408,158,622,1048.0,1551,157,680,864,-131,0.4236339086114696,0.41975308641975306,0
1993,SEA,82,80,734,731,1429,161,624,901.0,1421,135,605,1083,3,0.5018737139845529,0.5061728395061729,1
1993,TEX,86,76,835,751,1472,181,483,984.0,1476,144,562,957,84,0.5483553217957496,0.5308641975308642,1
1993,TOR,95,67,847,742,1556,159,588,861.0,1441,134,620,1023,105,0.5602565108458097,0.5864197530864198,1
1993,ATL,104,58,767,559,1444,169,560,946.0,1297,101,480,1036,208,0.6408136380760203,0.6419753086419753,1
1993,CHN,84,78,738,739,1521,161,446,923.0,1514,153,470,905,-1,0.49938050123791466,0.5185185185185185,1
1993,CIN,73,89,722,785,1457,137,485,1025.0,1510,158,508,996,-63,0.4618007809162739,0.4506172839506173,0
1993,COL,67,95,758,967,1507,142,388,944.0,1664,181,609,913,-209,0.3903996427516359,0.41358024691358025,0
1993,FLO,64,98,581,724,1356,94,498,1054.0,1437,135,598,945,-143,0.4006699653549422,0.3950617283950617,0
1993,HOU,85,77,716,630,1459,138,497,911.0,1363,117,476,1056,86,0.5582758088719294,0.5246913580246914,1
1993,LAN,81,81,675,662,1458,130,492,937.0,1406,103,567,1043,13,0.5088961253231111,0.5,0
1993,MON,94,68,732,682,1410,122,542,860.0,1369,119,521,934,50,0.5323233747854917,0.5802469135802469,1
1993,NYN,59,103,672,744,1350,158,448,879.0,1483,139,434,867,-72,0.45356857943978285,0.36419753086419754,0
1993,PHI,97,65,877,740,1555,156,665,1049.0,1419,129,573,1117,137,0.5770897833265327,0.5987654320987654,1
1993,PIT,75,87,707,806,1482,110,536,972.0,1557,153,485,832,-99,0.44032895221806206,0.46296296296296297,0
1993,SDN,61,101,679,772,1386,153,443,1046.0,1470,148,558,957,-93,0.4415422972255603,0.3765432098765432,0
1993,SFN,103,59,808,636,1534,168,516,930.0,1385,168,442,982,172,0.607790757872791,0.6358024691358025,1
1993,SLN,87,75,758,744,1508,118,588,882.0,1553,152,383,775,14,0.5085280483847775,0.5370370370370371,1
1994,BAL,63,49,589,497,1047,139,438,655.0,1005,131,351,666,92,0.5770805611182056,0.5625,1
1994,BOS,54,61,552,621,1038,120,404,723.0,1104,120,450,729,-69,0.44632191856552705,0.46956521739130436,0
1994,CAL,47,68,543,660,1042,120,402,715.0,1149,150,436,682,-117,0.41166445727199025,0.40869565217391307,0
1994,CHA,67,46,633,498,1133,121,497,568.0,964,115,377,754,135,0.6080118427076198,0.5929203539823009,1
1994,CLE,66,47,679,562,1165,167,382,629.0,1097,94,404,666,117,0.5856686762521589,0.584070796460177,1
1994,DET,53,62,652,671,1048,161,520,897.0,1139,148,449,560,-19,0.4868615321084764,0.4608695652173913,0
1994,KCA,64,51,574,532,1051,100,376,698.0,1018,95,392,717,42,0.5347076446605564,0.5565217391304348,1
1994,MIN,53,60,594,688,1092,103,359,635.0,1197,153,388,602,-94,0.43319081045441266,0.4690265486725664,0
1994,ML4,53,62,547,586,1045,99,417,680.0,1071,127,421,577,-39,0.4685331653841597,0.4608695652173913,0
1994,NYA,70,43,670,534,1155,139,530,660.0,1045,120,398,656,136,0.6023326051379291,0.6194690265486725,1
1994,OAK,51,63,549,589,1009,113,417,686.0,979,128,510,732,-40,0.4678693956858674,0.4473684210526316,0
1994,SEA,49,63,569,616,1045,153,372,652.0,1051,109,486,763,-47,0.4637535083400068,0.4375,0
1994,TEX,52,62,613,697,1114,124,437,730.0,1176,157,394,683,-84,0.44151655271512763,0.45614035087719296,0
1994,TOR,55,60,566,579,1064,115,387,691.0,1053,127,482,832,-13,0.4896124021348464,0.4782608695652174,0
1994,ATL,68,46,542,448,1031,137,377,668.0,929,76,378,865,94,0.5862695925403071,0.5964912280701754,1
1994,CHN,49,64,500,549,1015,109,364,750.0,1054,120,392,717,-49,0.4573321942953256,0.4336283185840708,0
1994,CIN,66,48,609,490,1142,124,388,738.0,1037,117,339,799,119,0.5981747311225197,0.5789473684210527,1
1994,COL,53,64,573,638,1098,125,378,761.0,1185,120,448,703,-65,0.45099824330399346,0.452991452991453,0
1994,FLO,51,64,468,576,1043,94,349,746.0,1069,120,428,649,-108,0.4061317117764891,0.4434782608695652,0
1994,HOU,66,49,602,503,1099,120,394,718.0,1043,102,367,739,99,0.5814652071273452,0.5739130434782609,1
1994,LAN,58,56,532,509,1055,115,366,687.0,1041,90,354,732,23,0.5202084143878791,0.5087719298245614,1
1994,MON,74,40,585,454,1111,108,379,669.0,970,100,288,805,131,0.6139464948129453,0.6491228070175439,1
1994,NYN,55,58,506,526,966,117,336,807.0,1069,117,332,640,-20,0.48227265494357463,0.48672566371681414,0
1994,PHI,54,61,521,497,1028,80,396,711.0,1028,98,377,699,24,0.5215623254870752,0.46956521739130436,0
1994,PIT,53,61,466,580,1001,80,349,725.0,1094,117,370,650,-114,0.40119660721851114,0.4649122807017544,0
1994,SDN,47,70,479,531,1117,92,319,762.0,1008,99,393,862,-52,0.45298866887103495,0.4017094017094017,0
1994,SFN,55,60,504,500,963,123,364,719.0,1014,122,372,655,4,0.5036453730225309,0.4782608695652174,0
1994,SLN,53,61,535,621,1026,108,434,686.0,1154,134,355,632,-86,0.43222283904256675,0.4649122807017544,0
1995,BAL,71,73,704,640,1267,173,574,803.0,1165,149,523,930,64,0.543494199859065,0.4930555555555556,0
1995,BOS,86,58,791,698,1399,175,560,923.0,1338,127,476,888,93,0.556975041751858,0.5972222222222222,1
1995,CAL,78,67,801,697,1390,186,564,889.0,1310,163,486,901,104,0.5632858174698903,0.5379310344827586,1
1995,CHA,68,76,755,758,1417,146,576,767.0,1374,164,617,892,-3,0.49818572931252497,0.4722222222222222,0
1995,CLE,100,44,840,607,1461,207,542,766.0,1261,135,445,926,233,0.6444010602151485,0.6944444444444444,1
1995,DET,60,84,654,844,1204,159,551,987.0,1509,170,536,729,-190,0.385389881517905,0.4166666666666667,0
1995,KCA,70,74,629,691,1275,119,475,849.0,1323,142,503,763,-62,0.4570968428758816,0.4861111111111111,0
1995,MIN,56,88,703,889,1398,120,471,916.0,1450,210,533,790,-186,0.3942278630515121,0.3888888888888889,0
1995,ML4,65,79,740,747,1329,128,502,800.0,1391,146,603,699,-7,0.4956927445390172,0.4513888888888889,0
1995,NYA,79,65,749,688,1365,122,625,851.0,1286,159,535,908,61,0.5387866086690443,0.5486111111111112,1
1995,OAK,67,77,730,761,1296,169,565,911.0,1320,153,556,890,-31,0.4809822920446477,0.4652777777777778,0
1995,SEA,79,66,796,708,1377,182,549,871.0,1343,149,591,1068,88,0.5533940908435272,0.5448275862068965,1
1995,TEX,74,70,691,720,1304,138,526,877.0,1385,152,514,838,-29,0.4812004063891913,0.5138888888888888,1
1995,TOR,56,88,642,777,1309,140,492,906.0,1336,145,654,894,-135,0.4135620636567093,0.3888888888888889,0
1995,ATL,90,54,645,540,1202,168,520,933.0,1184,107,436,1087,105,0.580580427348145,0.625,1
1995,CHN,73,71,693,671,1315,158,440,953.0,1313,162,518,926,22,0.5147550590921189,0.5069444444444444,1
1995,CIN,85,59,747,623,1326,161,519,946.0,1270,131,424,903,124,0.5822895052341807,0.5902777777777778,1
1995,COL,77,67,785,783,1406,200,484,943.0,1443,160,512,891,2,0.501167090350061,0.5347222222222222,1
1995,FLO,67,76,673,673,1278,144,517,916.0,1299,139,562,994,0,0.5,0.46853146853146854,0
1995,HOU,76,68,747,674,1403,109,566,992.0,1357,118,460,1056,73,0.5469086896376422,0.5277777777777778,1
1995,LAN,78,66,634,609,1303,140,468,1023.0,1188,125,462,1060,25,0.5183972301724215,0.5416666666666666,1
1995,MON,66,78,621,638,1268,118,400,901.0,1286,128,416,950,-17,0.48764671981421326,0.4583333333333333,0
1995,NYN,69,75,657,618,1323,125,446,994.0,1296,133,401,901,39,0.5279677459892123,0.4791666666666667,0
1995,PHI,69,75,615,658,1296,94,497,884.0,1241,134,538,980,-43,0.4691202822952403,0.4791666666666667,0
1995,PIT,58,86,629,736,1281,125,456,972.0,1407,130,477,871,-107,0.42861824266511317,0.4027777777777778,0
1995,SDN,70,74,668,672,1345,116,447,872.0,1242,142,512,1047,-4,0.49726867577221345,0.4861111111111111,0
1995,SFN,67,77,652,776,1256,152,472,1060.0,1368,173,505,801,-124,0.4210126950894693,0.4652777777777778,0
1995,SLN,62,81,563,658,1182,107,436,920.0,1290,135,445,842,-95,0.42914428342613387,0.43356643356643354,0
1996,BAL,88,74,949,903,1557,257,645,915.0,1604,209,597,1047,46,0.5227158090738898,0.5432098765432098,1
1996,BOS,85,77,928,921,1631,209,642,1020.0,1606,185,722,1165,7,0.5034639957407439,0.5246913580246914,1
1996,CAL,70,91,762,943,1571,192,527,974.0,1546,219,662,1052,-181,0.40371510999012356,0.43478260869565216,0
1996,CHA,85,77,898,794,1586,195,701,927.0,1529,174,616,1039,104,0.5560752327640456,0.5246913580246914,1
1996,CLE,99,62,952,769,1665,218,671,844.0,1530,173,484,1033,183,0.5964409785122633,0.6149068322981367,1
1996,DET,53,109,783,1103,1413,204,546,1268.0,1699,241,784,957,-320,0.348177229207396,0.3271604938271605,0
1996,KCA,75,86,746,786,1477,123,529,943.0,1563,176,460,926,-40,0.476122405847468,0.4658385093167702,0
1996,MIN,78,84,877,900,1633,118,576,958.0,1561,233,581,959,-23,0.4881585594059675,0.48148148148148145,0
1996,ML4,80,82,894,899,1578,178,624,986.0,1570,213,635,846,-5,0.49744842602092704,0.49382716049382713,0
1996,NYA,92,70,871,787,1621,162,632,909.0,1469,143,610,1139,84,0.5462640690965294,0.5679012345679012,1
1996,OAK,78,84,861,900,1492,243,640,1114.0,1638,205,644,884,-39,0.4797437244648572,0.48148148148148145,0
1996,SEA,85,76,993,895,1625,245,670,1052.0,1562,216,605,1000,98,0.5473947098070548,0.5279503105590062,1
1996,TEX,90,72,928,799,1622,221,660,1041.0,1569,168,582,976,129,0.5680494940573406,0.5555555555555556,1
1996,TOR,74,88,766,809,1451,177,529,1105.0,1476,187,610,1033,-43,0.4750336185977059,0.4567901234567901,0
1996,ATL,96,66,773,648,1514,197,530,1032.0,1372,120,451,1245,125,0.5800042124050951,0.5925925925925926,1
1996,CHN,76,86,772,771,1388,175,523,1090.0,1447,184,546,1027,1,0.5005930004530739,0.4691358024691358,0
1996,CIN,81,81,778,773,1398,191,604,1134.0,1447,167,591,1089,5,0.5029496858632546,0.5,0
1996,COL,83,79,961,964,1607,221,527,1108.0,1597,198,624,932,-3,0.4985740286856854,0.5123456790123457,1
1996,FLO,80,82,688,703,1413,150,553,1122.0,1386,113,598,1050,-15,0.4901338961391555,0.49382716049382713,0
1996,HOU,82,80,753,792,1445,129,554,1057.0,1541,154,539,1163,-39,0.4769144303840954,0.5061728395061729,1
1996,LAN,90,72,703,652,1396,150,516,1190.0,1378,125,534,1212,51,0.5344009549289108,0.5555555555555556,1
1996,MON,88,74,741,668,1441,148,492,1077.0,1353,152,482,1206,73,0.5473065268078646,0.5432098765432098,1
1996,NYN,71,91,746,779,1515,147,445,1069.0,1517,159,532,999,-33,0.48020725681886933,0.4382716049382716,0
1996,PHI,67,95,650,790,1405,132,536,1092.0,1463,160,510,1044,-140,0.41169545312586914,0.41358024691358025,0
1996,PIT,73,89,776,833,1509,138,510,989.0,1602,183,479,1044,-57,0.467617278104878,0.4506172839506173,0
1996,SDN,91,71,771,682,1499,147,601,1014.0,1395,138,506,1194,89,0.5558819262195488,0.5617283950617284,1
1996,SFN,68,94,752,862,1400,153,615,1189.0,1520,194,570,997,-110,0.43786542296442643,0.41975308641975306,0
1996,SLN,88,74,759,706,1468,142,495,1089.0,1380,173,539,1050,53,0.5330685000641195,0.5432098765432098,1
1997,ANA,84,78,829,794,1531,161,617,953.0,1506,202,605,1050,35,0.5197247955178937,0.5185185185185185,1
1997,BAL,98,64,812,681,1498,196,586,952.0,1404,164,563,1139,131,0.5798034532758424,0.6049382716049383,1
1997,BOS,78,84,851,857,1684,185,514,1044.0,1567,149,610,987,-6,0.49678574534207454,0.48148148148148145,0
1997,CHA,80,81,779,833,1498,158,569,901.0,1505,175,575,961,-54,0.46937554378365587,0.4968944099378882,0
1997,CLE,86,75,868,815,1589,220,617,955.0,1528,181,575,1036,53,0.5287922593595191,0.5341614906832298,1
1997,DET,79,83,784,790,1415,176,578,1164.0,1476,178,552,982,-6,0.4965121108388118,0.4876543209876543,0
1997,KCA,67,94,747,820,1478,158,561,1061.0,1530,186,531,961,-73,0.45744627816782013,0.4161490683229814,0
1997,MIN,68,94,772,861,1522,132,495,1121.0,1596,187,495,908,-89,0.45024738337105336,0.41975308641975306,0
1997,ML4,78,83,681,742,1415,135,494,967.0,1419,177,542,1012,-61,0.460832885656288,0.484472049689441,0
1997,NYA,96,66,891,688,1636,161,676,954.0,1463,144,532,1165,203,0.616130639113953,0.5925925925925926,1
1997,OAK,65,97,764,946,1451,197,642,1181.0,1734,197,642,953,-182,0.40347061396961614,0.4012345679012346,0
1997,SEA,90,72,925,833,1574,264,626,1110.0,1500,192,598,1207,92,0.5477814900371858,0.5555555555555556,1
1997,TEX,77,85,807,823,1547,187,500,1116.0,1598,169,541,925,-16,0.4910190824411362,0.47530864197530864,0
1997,TOR,76,86,654,694,1333,147,487,1138.0,1453,167,497,1150,-40,0.4728673711629578,0.4691358024691358,0
1997,ATL,101,61,791,581,1490,174,597,1160.0,1319,111,450,1196,210,0.6375257881041129,0.6234567901234568,1
1997,CHN,68,94,687,759,1444,127,451,1003.0,1451,185,590,1072,-72,0.45452811383865244,0.41975308641975306,0
1997,CIN,76,86,651,764,1386,142,518,1113.0,1408,173,558,1159,-113,0.4272924793994993,0.4691358024691358,0
1997,COL,83,79,923,908,1611,239,562,1060.0,1697,196,566,870,15,0.5074955100088838,0.5123456790123457,1
1997,FLO,92,70,740,669,1410,136,686,1074.0,1353,131,639,1188,71,0.5460156744044946,0.5679012345679012,1
1997,HOU,84,78,777,660,1427,133,633,1085.0,1379,134,511,1138,117,0.5741141626061221,0.5185185185185185,1
1997,LAN,88,74,742,645,1488,174,498,1079.0,1325,163,546,1232,97,0.5637464629362152,0.5432098765432098,1
1997,MON,78,84,691,740,1423,172,420,1084.0,1365,149,557,1138,-49,0.4686975011517841,0.48148148148148145,0
1997,NYN,88,74,777,709,1448,153,550,1029.0,1452,160,504,982,68,0.5418022511520468,0.5432098765432098,1
1997,PHI,68,94,668,840,1390,116,519,1032.0,1441,171,616,1209,-172,0.3966895062884228,0.41975308641975306,0
1997,PIT,79,83,725,760,1440,129,481,1161.0,1503,143,560,1080,-35,0.47844371928666096,0.4876543209876543,0
1997,SDN,76,86,795,891,1519,152,604,1129.0,1581,172,596,1059,-96,0.44803229247908954,0.4691358024691358,0
1997,SFN,90,72,784,793,1415,172,642,1120.0,1494,160,578,1044,-9,0.494778192770702,0.5555555555555556,1
1997,SLN,73,89,689,708,1409,144,543,1191.0,1422,124,536,1130,-19,0.487557278110323,0.4506172839506173,0
1998,ANA,85,77,787,783,1530,147,510,1028.0,1481,164,630,1091,4,0.5023311983431304,0.5246913580246914,1
1998,BAL,79,83,817,785,1520,214,593,903.0,1505,169,535,1065,32,0.5182714453652685,0.4876543209876543,0
1998,BOS,92,70,876,729,1568,205,541,1049.0,1406,168,504,1025,147,0.5832567154017526,0.5679012345679012,1
1998,CHA,80,82,861,931,1516,198,551,916.0,1569,211,580,911,-70,0.46430046599890284,0.49382716049382713,0
1998,CLE,89,73,850,779,1530,198,630,1061.0,1552,171,563,1037,71,0.5398210612874103,0.5493827160493827,1
1998,DET,65,97,722,863,1494,165,455,1070.0,1551,185,595,947,-141,0.41910394143724167,0.4012345679012346,0
1998,KCA,72,89,714,899,1459,134,475,984.0,1590,196,568,999,-185,0.3961262613218941,0.4472049689440994,0
1998,MIN,70,92,734,818,1499,115,506,915.0,1622,180,457,952,-84,0.4505901451762645,0.43209876543209874,0
1998,NYA,114,48,965,656,1625,207,653,1025.0,1357,156,466,1080,309,0.669587545222358,0.7037037037037037,1
1998,OAK,74,88,804,866,1413,149,633,1122.0,1555,179,529,922,-62,0.46606656258326984,0.4567901234567901,0
1998,SEA,76,85,859,855,1553,234,558,1081.0,1530,196,528,1156,4,0.5021353467870159,0.4720496894409938,0
1998,TBA,63,99,620,751,1450,111,473,1107.0,1425,171,643,1008,-131,0.4131919043600488,0.3888888888888889,0
1998,TEX,88,74,940,871,1637,201,595,1045.0,1624,164,519,994,69,0.5348223733991957,0.5432098765432098,1
1998,TOR,88,74,816,768,1482,221,564,1132.0,1443,169,587,1154,48,0.5277073509668557,0.5432098765432098,1
1998,ARI,65,97,665,812,1353,159,489,1239.0,1463,188,489,908,-147,0.40963479015980314,0.4012345679012346,0
1998,ATL,106,56,826,581,1489,215,548,1062.0,1291,117,467,1232,245,0.6556287821042467,0.654320987654321,1
1998,CHN,90,73,831,792,1494,212,601,1223.0,1528,180,575,1207,39,0.5219771248694187,0.5521472392638037,1
1998,CIN,77,85,750,760,1441,138,608,1107.0,1400,170,573,1098,-10,0.493940605425771,0.47530864197530864,0
1998,COL,77,85,826,855,1640,183,469,949.0,1583,174,562,951,-29,0.48421843068206627,0.47530864197530864,0
1998,FLO,54,108,667,923,1381,114,525,1120.0,1617,182,715,1016,-256,0.3556131606995086,0.3333333333333333,0
1998,HOU,102,60,874,620,1578,166,621,1122.0,1435,147,465,1187,254,0.6521153360462012,0.6296296296296297,1
1998,LAN,83,79,669,678,1374,159,447,1056.0,1332,135,587,1178,-9,0.4938866279392582,0.5123456790123457,1
1998,MIL,74,88,707,812,1439,152,532,1039.0,1538,188,550,1063,-105,0.4369869429666457,0.4567901234567901,0
1998,MON,65,97,644,783,1348,147,439,1058.0,1448,156,533,1017,-139,0.4115299665750216,0.4012345679012346,0
1998,NYN,88,74,706,645,1425,136,572,1049.0,1381,152,532,1129,61,0.5412479949716835,0.5432098765432098,1
1998,PHI,75,87,713,808,1482,126,508,1080.0,1476,188,544,1176,-95,0.4430241575873919,0.46296296296296297,0
1998,PIT,69,93,650,718,1395,107,393,1060.0,1433,147,530,1112,-68,0.4546053732671268,0.42592592592592593,0
1998,SDN,98,64,749,635,1390,167,604,1072.0,1384,139,501,1217,114,0.5749701175485298,0.6049382716049383,1
1998,SFN,89,74,845,739,1540,161,678,1040.0,1457,171,562,1089,106,0.5610170769827999,0.5460122699386503,1
1998,SLN,83,79,810,782,1444,223,676,1179.0,1513,151,558,972,28,0.5160890680078652,0.5123456790123457,1
1999,ANA,70,92,711,826,1404,158,511,1022.0,1472,177,624,877,-115,0.4318375540462688,0.43209876543209874,0
1999,BAL,78,84,851,815,1572,203,615,890.0,1468,198,647,982,36,0.5197646827805635,0.48148148148148145,0
1999,BOS,94,68,836,718,1551,176,597,928.0,1396,160,469,1131,118,0.5691664375183073,0.5802469135802469,1
1999,CHA,75,86,777,870,1563,162,499,810.0,1608,210,596,968,-93,0.44846201289292287,0.4658385093167702,0
1999,CLE,97,65,1009,860,1629,209,743,1099.0,1503,197,634,1120,149,0.5725841329405574,0.5987654320987654,1
1999,DET,69,92,747,882,1433,212,458,1049.0,1528,209,583,976,-135,0.4245769681515164,0.42857142857142855,0
1999,KCA,64,97,856,921,1584,151,535,932.0,1607,202,643,831,-65,0.4665656974491545,0.39751552795031053,0
1999,MIN,63,97,686,845,1450,105,500,978.0,1591,208,487,927,-159,0.4057699961093729,0.39375,0
1999,NYA,98,64,900,731,1568,193,718,978.0,1402,158,581,1111,169,0.594019202727985,0.6049382716049383,1
1999,OAK,87,75,893,846,1430,235,770,1129.0,1537,160,569,967,47,0.5247155937912698,0.5370370370370371,1
1999,SEA,79,83,859,905,1499,244,610,1095.0,1613,191,684,980,-46,0.4761521534443706,0.4876543209876543,0
1999,TBA,69,93,772,913,1531,145,544,1042.0,1606,172,695,1055,-141,0.423850852130994,0.42592592592592593,0
1999,TEX,95,67,945,859,1653,230,611,937.0,1626,186,509,979,86,0.5435422483569213,0.5864197530864198,1
1999,TOR,84,78,883,862,1580,212,578,1077.0,1582,191,575,1009,21,0.5110102128154727,0.5185185185185185,1
1999,ARI,100,62,908,676,1566,216,588,1045.0,1387,176,543,1198,232,0.6317993635537086,0.6172839506172839,1
1999,ATL,103,59,840,661,1481,197,608,962.0,1398,142,507,1197,179,0.6079148852542927,0.6358024691358025,1
1999,CHN,67,95,747,920,1411,189,571,1170.0,1619,221,529,980,-173,0.4058364125877929,0.41358024691358025,0
1999,CIN,96,67,865,711,1536,209,569,1125.0,1309,190,636,1081,154,0.5887461521433269,0.588957055214724,1
1999,COL,72,90,906,1028,1644,223,508,863.0,1700,237,737,1032,-122,0.4424595556163182,0.4444444444444444,0
1999,FLO,64,98,691,852,1465,128,479,1145.0,1560,171,655,943,-161,0.4053342454249517,0.3950617283950617,0
1999,HOU,97,65,823,675,1463,168,728,1138.0,1485,128,478,1204,148,0.5897145871732967,0.5987654320987654,1
1999,LAN,77,85,793,787,1480,187,594,1030.0,1438,192,594,1077,6,0.5034746443121433,0.47530864197530864,0
1999,MIL,74,87,815,886,1524,165,658,1065.0,1618,213,616,987,-71,0.46185979175025316,0.45962732919254656,0
1999,MON,68,94,718,853,1473,163,438,939.0,1505,152,572,1043,-135,0.42182387674126415,0.41975308641975306,0
1999,NYN,97,66,853,711,1553,181,717,994.0,1372,167,617,1172,142,0.5825425058170914,0.5950920245398773,1
1999,PHI,77,85,841,846,1539,161,631,1081.0,1494,212,627,1030,-5,0.4972881040106636,0.47530864197530864,0
1999,PIT,78,83,775,782,1417,171,573,1197.0,1444,160,633,1083,-7,0.4958863849466322,0.484472049689441,0
1999,SDN,74,88,710,781,1360,153,631,1169.0,1454,193,529,1078,-71,0.4565058001409349,0.4567901234567901,0
1999,SFN,86,76,872,831,1507,188,696,1028.0,1486,194,655,1076,41,0.5220187799844533,0.5308641975308642,1
1999,SLN,75,86,809,838,1461,194,613,1202.0,1519,161,667,1025,-29,0.48389279890004405,0.4658385093167702,0
2000,ANA,82,80,864,869,1574,236,608,1024.0,1534,228,662,846,-5,0.49736008644993085,0.5061728395061729,1
2000,BAL,74,88,794,913,1508,184,558,900.0,1547,202,665,1017,-119,0.43645450407499653,0.4567901234567901,0
2000,BOS,85,77,792,745,1503,167,611,1019.0,1433,173,499,1121,47,0.5279593599782595,0.5246913580246914,1
2000,CHA,95,67,978,839,1615,216,591,960.0,1509,195,614,1037,139,0.5696778970543344,0.5864197530864198,1
2000,CLE,90,72,950,816,1639,221,685,1057.0,1511,173,666,1213,134,0.5691164401237907,0.5555555555555556,1
2000,DET,79,83,823,827,1553,177,562,982.0,1583,177,496,978,-4,0.4977818283886421,0.4876543209876543,0
2000,KCA,77,85,879,930,1644,150,511,840.0,1585,239,693,927,-51,0.4742200237794392,0.47530864197530864,0
2000,MIN,69,93,748,880,1516,116,556,1021.0,1634,212,516,1042,-132,0.4261908397586157,0.42592592592592593,0
2000,NYA,87,74,871,814,1541,205,631,1007.0,1458,177,577,1040,57,0.5309248131924843,0.5403726708074534,1
2000,OAK,91,70,947,813,1501,239,750,1159.0,1535,158,615,963,134,0.5693499377305659,0.5652173913043478,1
2000,SEA,91,71,907,780,1481,198,775,1073.0,1442,167,634,998,127,0.5685782534295787,0.5617283950617284,1
2000,TBA,69,92,733,842,1414,162,559,1022.0,1553,198,533,955,-109,0.43691281875465304,0.42857142857142855,0
2000,TEX,71,91,848,974,1601,173,580,922.0,1683,202,661,918,-126,0.4369594817909731,0.4382716049382716,0
2000,TOR,83,79,861,908,1562,244,526,1026.0,1615,195,560,978,-47,0.47570308429934777,0.5123456790123457,1
2000,ARI,85,77,792,754,1466,179,535,975.0,1441,190,500,1220,38,0.5224796636392453,0.5246913580246914,1
2000,ATL,95,67,810,714,1490,179,595,1010.0,1428,165,484,1093,96,0.5574592490771678,0.5864197530864198,1
2000,CHN,65,97,764,904,1426,183,632,1120.0,1505,231,658,1143,-140,0.42362284773326214,0.4012345679012346,0
2000,CIN,85,77,825,765,1545,200,559,995.0,1446,190,659,1015,60,0.5344898453984515,0.5246913580246914,1
2000,COL,82,80,968,897,1664,161,601,907.0,1568,221,588,1001,71,0.534794294658858,0.5061728395061729,1
2000,FLO,79,82,731,797,1441,160,540,1184.0,1477,169,650,1051,-66,0.4605354024061637,0.4906832298136646,0
2000,HOU,72,90,938,944,1547,249,673,1129.0,1596,234,598,1064,-6,0.4970829137562982,0.4444444444444444,0
2000,LAN,86,76,798,729,1408,211,668,1083.0,1379,176,600,1154,69,0.5412797767471526,0.5308641975308642,1
2000,MIL,73,89,740,826,1366,177,620,1245.0,1501,174,728,967,-86,0.44986934836529985,0.4506172839506173,0
2000,MON,67,95,738,902,1475,178,476,1048.0,1575,181,579,1011,-164,0.4092111555780306,0.41358024691358025,0
2000,NYN,94,68,807,738,1445,198,675,1037.0,1398,164,574,1164,69,0.5408003561605023,0.5802469135802469,1
2000,PHI,65,97,708,830,1386,144,611,1117.0,1458,201,640,1123,-122,0.4277746507608121,0.4012345679012346,0
2000,PIT,69,93,793,888,1506,168,564,1032.0,1554,163,711,1070,-95,0.44841871378137566,0.42592592592592593,0
2000,SDN,76,86,752,815,1413,157,602,1177.0,1443,191,649,1071,-63,0.46325964691343463,0.4691358024691358,0
2000,SFN,97,65,925,747,1535,226,709,1032.0,1452,151,623,1076,178,0.5965530698038094,0.5987654320987654,1
2000,SLN,95,67,887,771,1481,235,675,1253.0,1403,196,606,1100,116,0.5637724234981649,0.5864197530864198,1
2001,ANA,75,87,691,730,1447,158,494,1001.0,1452,168,525,947,-39,0.4749022057037149,0.46296296296296297,0
2001,BAL,63,98,687,829,1359,136,514,989.0,1504,194,528,938,-142,0.4148791512039954,0.391304347826087,0
2001,BOS,82,79,772,745,1493,198,520,1131.0,1412,146,544,1259,27,0.5162813934862046,0.5093167701863354,1
2001,CHA,83,79,798,795,1463,214,520,998.0,1465,181,500,921,3,0.5017231590568331,0.5123456790123457,1
2001,CLE,91,71,897,821,1559,212,577,1076.0,1512,148,573,1218,76,0.5404153682577069,0.5617283950617284,1
2001,DET,66,96,724,876,1439,139,466,972.0,1624,180,553,859,-152,0.4136851636762364,0.4074074074074074,0
2001,KCA,65,97,729,858,1503,152,406,898.0,1537,209,576,911,-129,0.42600671893729347,0.4012345679012346,0
2001,MIN,85,77,771,766,1514,164,495,1083.0,1494,192,445,965,5,0.502976553085664,0.5246913580246914,1
2001,NYA,95,65,804,713,1488,203,519,1035.0,1429,158,465,1266,91,0.5547337036086369,0.59375,1
2001,OAK,102,60,884,645,1469,199,640,1021.0,1384,153,440,1117,239,0.6403372824779012,0.6296296296296297,1
2001,SEA,116,46,927,627,1637,169,614,989.0,1293,160,465,1051,300,0.6716247694388314,0.7160493827160493,1
2001,TBA,62,100,672,887,1426,121,456,1116.0,1513,207,569,1030,-215,0.37566634626820045,0.38271604938271603,0
2001,TEX,73,89,890,968,1566,246,548,1093.0,1670,222,596,951,-78,0.4616406640399391,0.4506172839506173,0
2001,TOR,80,82,767,753,1489,195,470,1094.0,1553,165,490,1041,14,0.5084270718336368,0.49382716049382713,0
2001,ARI,92,70,818,677,1494,208,587,1052.0,1352,195,461,1297,141,0.5857005538710865,0.5679012345679012,1
2001,ATL,88,74,729,643,1432,174,493,1039.0,1363,153,499,1133,86,0.5571782984590293,0.5432098765432098,1
2001,CHN,88,74,777,701,1409,194,577,1077.0,1357,164,550,1344,76,0.546952852622965,0.5432098765432098,1
2001,CIN,66,96,735,850,1464,176,468,1172.0,1572,198,515,943,-115,0.4338845602632574,0.4074074074074074,0
2001,COL,73,89,923,906,1663,213,511,1027.0,1522,239,598,1058,17,0.5085040721172971,0.4506172839506173,0
2001,FLO,76,86,742,744,1461,166,470,1145.0,1397,151,617,1119,-2,0.49876850780314325,0.4691358024691358,0
2001,HOU,93,69,847,769,1500,208,581,1119.0,1453,221,486,1228,78,0.5440841816609664,0.5740740740740741,1
2001,LAN,86,76,758,744,1399,206,519,1062.0,1387,184,524,1212,14,0.5085280483847775,0.5308641975308642,1
2001,MIL,68,94,740,806,1378,209,488,1399.0,1452,197,667,1057,-66,0.4609935693371601,0.41975308641975306,0
2001,MON,68,94,670,812,1361,131,478,1071.0,1509,190,525,1103,-142,0.41295389475921696,0.41975308641975306,0
2001,NYN,82,80,642,713,1361,147,545,1062.0,1418,186,438,1191,-71,0.45215820914963645,0.5061728395061729,1
2001,PHI,86,76,746,719,1431,164,551,1125.0,1417,170,527,1086,27,0.516858997558023,0.5308641975308642,1
2001,PIT,62,100,657,858,1333,161,467,1106.0,1493,167,549,908,-201,0.3802555360303657,0.38271604938271603,0
2001,SDN,79,83,789,812,1379,161,678,1273.0,1519,219,476,1088,-23,0.4868572143389602,0.4876543209876543,0
2001,SFN,90,72,799,748,1493,235,625,1090.0,1437,145,579,1080,51,0.5301391870751112,0.5555555555555556,1
2001,SLN,93,69,814,684,1469,199,529,1089.0,1389,196,526,1083,130,0.5789402380685278,0.5740740740740741,1
2002,ANA,99,63,851,644,1603,152,462,805.0,1345,169,509,999,207,0.6248171468864459,0.6111111111111112,1
2002,BAL,67,95,667,773,1353,165,452,993.0,1491,208,549,967,-106,0.43293044825954546,0.41358024691358025,0
2002,BOS,93,69,859,665,1560,177,545,944.0,1339,146,430,1157,194,0.6150160791018286,0.5740740740740741,1
2002,CHA,81,81,856,798,1475,217,555,952.0,1422,190,528,945,58,0.5320549888444388,0.5,0
2002,CLE,74,88,739,837,1349,192,542,1000.0,1508,142,603,1058,-98,0.4432745565491133,0.4567901234567901,0
2002,DET,55,106,575,864,1340,124,363,1035.0,1593,163,463,794,-289,0.3218722439049463,0.3416149068322981,0
2002,KCA,62,100,737,891,1415,140,524,921.0,1587,212,572,909,-154,0.41404836543734214,0.38271604938271603,0
2002,MIN,94,67,768,712,1518,167,472,1089.0,1454,184,439,1026,56,0.5345828527011838,0.5838509316770186,1
2002,NYA,103,58,897,697,1540,223,640,1171.0,1441,144,403,1135,200,0.6134066970545844,0.639751552795031,1
2002,OAK,103,59,800,654,1450,205,609,1008.0,1391,135,474,1021,146,0.591157626985409,0.6358024691358025,1
2002,SEA,93,69,814,699,1531,152,629,1003.0,1422,178,441,1063,115,0.5692340081752049,0.5740740740740741,1
2002,TBA,55,106,673,918,1418,133,456,1115.0,1567,215,620,925,-245,0.361669059356033,0.3416149068322981,0
2002,TEX,72,90,843,882,1510,230,554,1055.0,1528,194,669,1030,-39,0.47932131959763496,0.4444444444444444,0
2002,TOR,78,84,813,828,1457,187,522,1142.0,1504,177,590,991,-15,0.49163674456433293,0.48148148148148145,0
2002,ARI,98,64,819,674,1471,165,643,1016.0,1361,170,421,1303,145,0.5882129681852234,0.6049382716049383,1
2002,ATL,101,59,708,565,1428,164,558,1028.0,1302,123,554,1058,143,0.601778631610791,0.63125,1
2002,CHN,67,95,706,759,1351,200,585,1269.0,1373,167,606,1333,-53,0.4669314999358804,0.41358024691358025,0
2002,CIN,78,84,709,774,1386,169,583,1188.0,1502,173,550,980,-65,0.45995571927987283,0.48148148148148145,0
2002,COL,73,89,778,898,1508,152,497,1043.0,1554,225,582,920,-120,0.43474883817363935,0.4506172839506173,0
2002,FLO,79,83,699,763,1433,146,595,1130.0,1449,151,631,1104,-64,0.4600052936848563,0.4876543209876543,0
2002,HOU,84,78,749,695,1441,167,589,1120.0,1423,151,546,1219,54,0.5341800236515971,0.5185185185185185,1
2002,LAN,92,70,713,643,1464,155,428,940.0,1311,165,555,1132,70,0.5471361519516503,0.5679012345679012,1
2002,MIL,56,106,627,821,1369,139,500,1125.0,1468,199,666,1026,-194,0.3791105675642188,0.345679012345679,0
2002,MON,83,79,735,718,1432,162,575,1104.0,1475,165,508,1088,17,0.5107042897444602,0.5123456790123457,1
2002,NYN,75,86,690,703,1409,160,486,1044.0,1408,163,543,1107,-13,0.49146145806244323,0.4658385093167702,0
2002,PHI,80,81,710,724,1428,165,640,1095.0,1381,153,570,1075,-14,0.49106761221452017,0.4968944099378882,0
2002,PIT,72,89,641,730,1300,142,537,1109.0,1447,163,572,920,-89,0.44079712630116547,0.4472049689440994,0
2002,SDN,66,96,662,815,1393,136,547,1062.0,1522,177,582,1108,-153,0.406006723644584,0.4074074074074074,0
2002,SFN,95,66,783,616,1465,198,616,961.0,1349,116,523,992,167,0.6080185538776267,0.5900621118012422,1
2002,SLN,97,65,787,648,1475,175,542,927.0,1355,141,547,1009,139,0.5879840405013274,0.5987654320987654,1
2003,ANA,77,85,736,743,1473,150,476,838.0,1444,190,486,980,-7,0.495669447150076,0.47530864197530864,0
2003,BAL,71,91,743,820,1516,152,431,902.0,1579,198,526,981,-77,0.45500872746247983,0.4382716049382716,0
2003,BOS,95,67,961,809,1667,238,620,943.0,1503,153,488,1141,152,0.5781250252576027,0.5864197530864198,1
2003,CHA,86,76,791,715,1445,220,519,916.0,1364,162,518,1056,76,0.5460833993251867,0.5308641975308642,1
2003,CLE,68,94,699,778,1413,158,466,1062.0,1477,179,501,943,-79,0.4511689724127789,0.41975308641975306,0
2003,DET,43,119,591,928,1312,153,443,1099.0,1616,195,557,764,-337,0.3045498054888674,0.2654320987654321,0
2003,KCA,83,79,836,867,1526,162,476,926.0,1569,190,566,865,-31,0.48334841880207835,0.5123456790123457,1
2003,MIN,90,72,801,758,1567,155,512,1027.0,1526,187,402,997,43,0.5252223075695754,0.5555555555555556,1
2003,NYA,101,61,877,716,1518,230,684,1042.0,1512,145,375,1119,161,0.5917424080143813,0.6234567901234568,1
2003,OAK,96,66,768,643,1398,176,556,898.0,1336,140,499,1018,125,0.5805643100249289,0.5925925925925926,1
2003,SEA,93,69,795,637,1509,139,586,989.0,1340,173,466,1001,158,0.6000029980791837,0.5740740740740741,1
2003,TBA,63,99,715,852,1501,137,420,1030.0,1454,196,639,877,-137,0.42047926114144424,0.3888888888888889,0
2003,TEX,71,91,826,969,1506,239,488,1052.0,1625,208,603,1009,-143,0.42746638302714,0.4382716049382716,0
2003,TOR,86,76,894,826,1580,190,546,1081.0,1560,184,485,984,68,0.5361302001007237,0.5308641975308642,1
2003,ARI,84,78,717,685,1467,152,531,1006.0,1379,150,526,1291,32,0.5208759354254583,0.5185185185185185,1
2003,ATL,101,61,907,740,1608,235,545,933.0,1425,147,555,992,167,0.59203656381135,0.6234567901234568,1
2003,CHN,88,74,724,683,1431,172,492,1158.0,1304,143,617,1404,41,0.5266453971969556,0.5432098765432098,1
2003,CIN,69,93,694,886,1349,182,524,1326.0,1578,209,590,932,-192,0.3900818136123689,0.42592592592592593,0
2003,COL,74,88,853,892,1472,198,619,1134.0,1629,200,552,866,-39,0.47955813813803344,0.4567901234567901,0
2003,FLO,91,71,751,692,1459,157,515,978.0,1415,128,530,1132,59,0.5373627338596689,0.5617283950617284,1
2003,HOU,87,75,805,677,1466,191,557,1021.0,1350,161,565,1139,128,0.5785692895967862,0.5370370370370371,1
2003,LAN,85,77,574,556,1328,124,407,985.0,1254,127,526,1289,18,0.5145723261289866,0.5246913580246914,1
2003,MIL,68,94,714,873,1423,196,547,1221.0,1590,219,575,1034,-159,0.40904220849619755,0.41975308641975306,0
2003,MON,83,79,711,716,1404,144,522,990.0,1467,181,463,1028,-5,0.4967940041882868,0.5123456790123457,1
2003,NYN,66,95,642,754,1317,124,489,1035.0,1497,168,576,907,-112,0.42695847147434507,0.40993788819875776,0
2003,PHI,86,76,791,697,1448,166,651,1155.0,1386,142,536,1060,94,0.5576223419148406,0.5308641975308642,1
2003,PIT,75,87,753,801,1492,163,529,1049.0,1527,178,502,926,-48,0.471758549126517,0.46296296296296297,0
2003,SDN,64,98,678,831,1442,128,565,1073.0,1458,208,611,1091,-153,0.40796774877656916,0.3950617283950617,0
2003,SFN,100,61,755,638,1440,180,593,980.0,1349,136,546,1006,117,0.5764298296589094,0.6211180124223602,1
2003,SLN,85,77,876,796,1580,196,580,952.0,1544,210,508,969,80,0.5437015629932963,0.5246913580246914,1
2004,ANA,92,70,836,734,1603,162,450,942.0,1476,170,502,1164,102,0.5592500149096977,0.5679012345679012,1
2004,BAL,78,84,842,830,1614,169,528,949.0,1488,159,687,1090,12,0.5065667208064435,0.48148148148148145,0
2004,BOS,98,64,949,768,1613,222,659,1189.0,1430,159,447,1132,181,0.5956236224585113,0.6049382716049383,1
2004,CHA,83,79,865,831,1481,242,499,1030.0,1505,224,527,1013,34,0.5183373901289109,0.5123456790123457,1
2004,CLE,80,82,858,857,1565,184,606,1009.0,1553,201,579,1115,1,0.5005335275547657,0.49382716049382713,0
2004,DET,72,90,827,844,1531,201,518,1144.0,1542,190,530,995,-17,0.4906919571802293,0.4444444444444444,0
2004,KCA,58,104,720,905,1432,150,461,1057.0,1638,208,518,887,-185,0.39687784209555904,0.35802469135802467,0
2004,MIN,92,70,780,715,1494,191,513,982.0,1523,167,431,1123,65,0.539723809127613,0.5679012345679012,1
2004,NYA,101,61,897,808,1483,242,670,982.0,1532,182,445,1058,89,0.547660771298961,0.6234567901234568,1
2004,OAK,91,71,793,742,1545,189,608,1061.0,1466,164,544,1034,51,0.5303743974736311,0.5617283950617284,1
2004,SEA,63,99,698,823,1544,136,492,1058.0,1498,212,575,1036,-125,0.4251984403434899,0.3888888888888889,0
2004,TBA,70,91,714,842,1416,145,469,944.0,1459,192,580,923,-128,0.4251269007857692,0.43478260869565216,0
2004,TEX,89,73,860,794,1492,227,500,1099.0,1536,182,547,979,66,0.5364660221616483,0.5493827160493827,1
2004,TOR,67,94,719,823,1438,145,513,1083.0,1505,181,608,956,-104,0.4385069925364171,0.4161490683229814,0
2004,ARI,51,111,615,899,1401,135,441,1022.0,1480,197,668,1153,-284,0.3329707603822985,0.3148148148148148,0
2004,ATL,96,66,803,668,1503,178,587,1158.0,1475,154,523,1025,135,0.5834231474521364,0.5925925925925926,1
2004,CHN,89,73,789,665,1508,235,489,1080.0,1363,169,545,1346,124,0.577591028299494,0.5493827160493827,1
2004,CIN,76,86,750,907,1380,194,599,1335.0,1595,236,572,992,-157,0.41390953586852874,0.4691358024691358,0
2004,COL,68,94,833,923,1531,202,568,1181.0,1634,198,697,947,-90,0.4531999112149798,0.41975308641975306,0
2004,FLO,83,79,718,700,1447,148,499,968.0,1395,166,513,1116,18,0.511613485419419,0.5123456790123457,1
2004,HOU,92,70,803,698,1458,187,590,999.0,1416,174,525,1282,105,0.563762973364124,0.5679012345679012,1
2004,LAN,93,69,761,684,1450,203,536,1092.0,1386,178,521,1066,77,0.5486496116975217,0.5740740740740741,1
2004,MIL,67,94,634,757,1358,135,540,1312.0,1440,164,476,1098,-123,0.4195830688297598,0.4161490683229814,0
2004,MON,67,95,635,769,1361,151,496,925.0,1477,191,582,1032,-134,0.4132896140486622,0.41358024691358025,0
2004,NYN,71,91,684,731,1376,185,512,1159.0,1452,156,592,977,-47,0.46963400603336114,0.4382716049382716,0
2004,PHI,86,76,840,781,1505,215,645,1133.0,1488,214,502,1070,59,0.5332690062592736,0.5308641975308642,1
2004,PIT,72,89,680,744,1428,142,415,1066.0,1451,149,576,1079,-64,0.45894134655092456,0.4472049689440994,0
2004,SDN,87,75,768,705,1521,139,566,910.0,1460,184,422,1079,63,0.5390784449971573,0.5370370370370371,1
2004,SFN,91,71,850,770,1500,183,705,874.0,1481,161,548,1020,80,0.5450990646450391,0.5617283950617284,1
2004,SLN,105,57,855,659,1544,214,548,1085.0,1378,169,440,1041,196,0.6169190803963986,0.6481481481481481,1
2005,BAL,74,88,729,800,1492,189,447,902.0,1458,180,580,1052,-71,0.4575830638460848,0.4567901234567901,0
2005,BOS,95,67,910,805,1579,199,653,1044.0,1550,164,440,959,105,0.5558564482609933,0.5864197530864198,1
2005,CHA,99,63,741,645,1450,200,435,1002.0,1392,167,459,1040,96,0.563139403937258,0.6111111111111112,1
2005,CLE,93,69,790,642,1522,207,503,1093.0,1363,157,413,1050,148,0.5937823394038642,0.5740740740740741,1
2005,DET,71,91,723,787,1521,168,384,1038.0,1504,193,461,907,-64,0.4612730179983347,0.4382716049382716,0
2005,KCA,56,106,701,935,1445,126,424,1008.0,1640,178,580,924,-234,0.3711910195447218,0.345679012345679,0
2005,LAA,95,67,761,643,1520,147,447,848.0,1419,158,443,1126,118,0.5764786061451173,0.5864197530864198,1
2005,MIN,83,79,688,662,1441,134,485,978.0,1458,169,348,965,26,0.517617105828138,0.5123456790123457,1
2005,NYA,95,67,886,789,1552,229,637,989.0,1495,164,463,985,97,0.5528492693214029,0.5864197530864198,1
2005,OAK,88,74,772,658,1476,155,537,819.0,1315,154,504,1075,114,0.5725827838074404,0.5432098765432098,1
2005,SEA,69,93,699,751,1408,130,466,986.0,1483,179,496,892,-52,0.4672192178082044,0.42592592592592593,0
2005,TBA,67,95,750,936,1519,157,412,990.0,1570,194,615,949,-186,0.400010261029002,0.41358024691358025,0
2005,TEX,79,83,865,858,1528,260,495,1112.0,1589,159,522,932,7,0.5037173054139036,0.4876543209876543,0
2005,TOR,80,82,775,705,1480,136,486,955.0,1475,185,444,958,70,0.5432013515017651,0.49382716049382713,0
2005,ARI,77,85,696,856,1419,191,606,1094.0,1580,193,537,1038,-160,0.4064489448715097,0.47530864197530864,0
2005,ATL,90,72,769,674,1453,184,534,1084.0,1487,145,520,929,95,0.5600353123666508,0.5555555555555556,1
2005,CHN,79,83,703,714,1506,194,419,920.0,1357,186,576,1256,-11,0.49289730055006364,0.4876543209876543,0
2005,CIN,73,89,820,889,1453,222,611,1303.0,1657,219,492,955,-69,0.46310443711015625,0.4506172839506173,0
2005,COL,67,95,740,862,1477,150,509,1103.0,1600,175,604,981,-122,0.43063341525219,0.41358024691358025,0
2005,FLO,83,79,717,732,1499,128,512,918.0,1459,116,563,1125,-15,0.4905287450020629,0.5123456790123457,1
2005,HOU,89,73,693,609,1400,161,481,1037.0,1336,155,440,1164,84,0.558840464295832,0.5493827160493827,1
2005,LAN,71,91,685,755,1374,149,541,1094.0,1434,182,471,1004,-70,0.4556029843066069,0.4382716049382716,0
2005,MIL,81,81,726,697,1413,175,531,1162.0,1382,169,569,1173,29,0.518641162253097,0.5,0
2005,NYN,83,79,722,648,1421,175,486,1075.0,1390,135,491,1012,74,0.549310699732683,0.5123456790123457,1
2005,PHI,88,74,807,726,1494,167,639,1083.0,1379,189,487,1159,81,0.5482409173534294,0.5432098765432098,1
2005,PIT,67,95,680,769,1445,139,471,1092.0,1456,162,612,958,-89,0.4439647180535767,0.41358024691358025,0
2005,SDN,82,80,684,726,1416,130,600,977.0,1452,146,503,1133,-42,0.47276360298071657,0.5061728395061729,1
2005,SFN,75,87,649,745,1427,128,431,901.0,1456,151,592,972,-96,0.43722025566229383,0.46296296296296297,0
2005,SLN,100,62,805,634,1494,170,534,947.0,1399,153,443,974,171,0.6075419994172394,0.6172839506172839,1
2005,WAS,81,81,639,673,1367,117,491,1090.0,1456,140,539,997,-34,0.4763005716476998,0.5,0
2006,BAL,70,92,768,899,1556,164,474,878.0,1579,216,613,1016,-131,0.42844147375239533,0.43209876543209874,0
2006,BOS,86,76,820,825,1510,192,672,1056.0,1570,181,509,1070,-5,0.49721886510228835,0.5308641975308642,1
2006,CHA,90,72,868,794,1586,236,502,1056.0,1534,200,433,1012,74,0.5406769284753651,0.5555555555555556,1
2006,CLE,78,84,870,782,1576,196,556,1204.0,1583,166,429,948,88,0.5486328583840652,0.48148148148148145,0
2006,DET,95,67,822,675,1548,203,430,1133.0,1420,160,489,1003,147,0.589176156612734,0.5864197530864198,1
2006,KCA,62,100,757,971,1515,124,474,1040.0,1648,213,637,904,-214,0.38802950662346525,0.38271604938271603,0
2006,LAA,89,73,766,732,1539,159,486,914.0,1410,158,471,1164,34,0.520759316884271,0.5493827160493827,1
2006,MIN,96,66,801,683,1608,143,490,872.0,1490,182,356,1164,118,0.5723975699378866,0.5925925925925926,1
2006,NYA,97,65,930,767,1608,210,649,1053.0,1463,170,496,1019,163,0.5872568850971612,0.5987654320987654,1
2006,OAK,93,69,771,727,1429,175,650,976.0,1525,162,529,1003,44,0.5268576914106353,0.5740740740740741,1
2006,SEA,78,84,756,792,1540,172,404,974.0,1500,183,560,1067,-36,0.47872993733967745,0.48148148148148145,0
2006,TBA,61,101,689,856,1395,190,441,1106.0,1600,180,606,979,-167,0.4019940869811531,0.3765432098765432,0
2006,TEX,80,82,835,784,1571,183,505,1061.0,1558,162,496,972,51,0.5288009700297815,0.49382716049382713,0
2006,TOR,87,75,809,754,1591,199,514,906.0,1447,185,504,1076,55,0.5321665094225617,0.5370370370370371,1
2006,ARI,76,86,773,788,1506,160,504,965.0,1503,168,536,1115,-15,0.49120819488014283,0.4691358024691358,0
2006,ATL,79,83,849,805,1510,222,526,1169.0,1529,183,572,1049,44,0.524327511574355,0.4876543209876543,0
2006,CHN,66,96,716,834,1496,166,395,928.0,1396,210,687,1250,-118,0.430656679799081,0.4074074074074074,0
2006,CIN,80,82,749,801,1419,217,614,1192.0,1576,213,464,1053,-52,0.46933025405873,0.49382716049382713,0
2006,COL,76,86,813,812,1504,157,561,1108.0,1549,155,553,952,1,0.5005630767561201,0.4691358024691358,0
2006,FLO,78,84,758,772,1454,182,497,1249.0,1465,166,622,1088,-14,0.4916279998223314,0.48148148148148145,0
2006,HOU,82,80,735,719,1407,174,585,1076.0,1425,182,480,1160,16,0.5100678212551583,0.5061728395061729,1
2006,LAN,88,74,820,751,1552,153,601,959.0,1524,152,492,1068,69,0.5401271657406178,0.5432098765432098,1
2006,MIL,75,87,730,833,1400,180,502,1233.0,1454,177,514,1145,-103,0.43990686023576,0.46296296296296297,0
2006,NYN,97,65,834,731,1469,200,547,1071.0,1402,180,527,1161,103,0.5600168630927626,0.5987654320987654,1
2006,PHI,85,77,865,812,1518,216,626,1203.0,1561,211,512,1138,53,0.5288951120875734,0.5246913580246914,1
2006,PIT,67,95,691,797,1462,141,459,1200.0,1545,156,620,1060,-106,0.4350765642388931,0.41358024691358025,0
2006,SDN,88,74,731,679,1465,161,564,1104.0,1385,176,468,1097,52,0.5337087820089046,0.5432098765432098,1
2006,SFN,76,85,746,790,1418,163,494,891.0,1422,153,584,992,-44,0.4738058925447568,0.4720496894409938,0
2006,SLN,83,78,781,762,1484,184,531,922.0,1475,193,504,970,19,0.5112656748601665,0.515527950310559,1
2006,WAS,71,91,746,872,1437,164,594,1156.0,1535,193,584,960,-126,0.4290821840717523,0.4382716049382716,0
2007,BAL,69,93,756,868,1529,142,500,939.0,1491,161,696,1087,-112,0.43713072399489417,0.42592592592592593,0
2007,BOS,96,66,867,657,1561,166,689,1042.0,1350,151,482,1149,210,0.6242342075526301,0.5925925925925926,1
2007,CHA,72,90,693,839,1341,190,532,1149.0,1556,174,499,1015,-146,0.4134162027553625,0.4444444444444444,0
2007,CLE,96,66,811,704,1504,178,590,1202.0,1519,146,410,1047,107,0.5643722967159291,0.5925925925925926,1
2007,DET,88,74,887,797,1652,177,474,1054.0,1498,174,566,1047,90,0.548792293903738,0.5432098765432098,1
2007,KCA,69,93,706,778,1447,102,428,1069.0,1547,168,520,993,-72,0.45568814694163773,0.42592592592592593,0
2007,LAA,94,68,822,731,1578,123,507,883.0,1480,151,477,1156,91,0.5534718112415294,0.5802469135802469,1
2007,MIN,79,83,718,725,1460,118,512,839.0,1505,185,420,1094,-7,0.49556141234224005,0.4876543209876543,0
2007,NYA,94,68,968,777,1656,201,637,991.0,1498,150,578,1009,191,0.5992206525947807,0.5802469135802469,1
2007,OAK,76,86,741,758,1430,171,664,1119.0,1468,138,530,1036,-17,0.48962412693111507,0.4691358024691358,0
2007,SEA,88,74,794,813,1629,153,389,861.0,1578,147,546,1020,-19,0.48918288898848983,0.5432098765432098,1
2007,TBA,66,96,782,944,1500,187,545,1324.0,1649,199,568,1194,-162,0.4147078788876269,0.4074074074074074,0
2007,TEX,75,87,816,844,1460,179,503,1224.0,1525,155,668,976,-28,0.4845697024028823,0.46296296296296297,0
2007,TOR,83,79,753,699,1434,165,533,1044.0,1383,157,479,1067,54,0.53399211257021,0.5123456790123457,1
2007,ARI,90,72,712,732,1350,171,532,1111.0,1446,169,546,1088,-20,0.48732877303561095,0.5555555555555556,1
2007,ATL,84,78,810,733,1562,176,534,1149.0,1442,172,537,1106,77,0.5455721830763142,0.5185185185185185,1
2007,CHN,85,77,752,690,1530,151,500,1054.0,1340,165,573,1211,62,0.5392843270980817,0.5246913580246914,1
2007,CIN,72,90,783,853,1496,204,536,1113.0,1605,198,482,1068,-70,0.46090567620133277,0.4444444444444444,0
2007,COL,90,73,860,758,1591,171,622,1152.0,1497,164,504,967,102,0.5575033643354774,0.5521472392638037,1
2007,FLO,71,91,790,891,1504,201,521,1332.0,1617,176,661,1142,-101,0.4451787724307352,0.4382716049382716,0
2007,HOU,73,89,723,813,1457,167,547,1043.0,1566,206,510,1109,-90,0.44653047176906907,0.4506172839506173,0
2007,LAN,82,80,735,727,1544,129,511,864.0,1443,146,518,1184,8,0.5050067225683919,0.5061728395061729,1
2007,MIL,83,79,801,776,1455,231,501,1137.0,1513,161,507,1174,25,0.5145025362790907,0.5123456790123457,1
2007,NYN,88,74,804,750,1543,177,549,981.0,1415,165,570,1134,54,0.5317653333643222,0.5432098765432098,1
2007,PHI,89,73,892,821,1558,213,641,1205.0,1555,198,558,1050,71,0.5378737468373602,0.5493827160493827,1
2007,PIT,68,94,724,846,1463,148,463,1135.0,1627,174,518,997,-122,0.4292327538540727,0.41975308641975306,0
2007,SDN,89,74,741,666,1408,171,557,1229.0,1406,119,474,1136,75,0.5486657057169134,0.5460122699386503,1
2007,SFN,71,91,683,720,1407,131,532,907.0,1442,133,593,1057,-37,0.47588269849742154,0.4382716049382716,0
2007,SLN,78,84,725,829,1513,141,506,909.0,1514,168,509,945,-104,0.43897850905377706,0.48148148148148145,0
2007,WAS,73,89,673,783,1415,123,524,1128.0,1502,187,580,931,-110,0.431179882977704,0.4506172839506173,0
2008,BAL,68,93,782,869,1486,172,533,990.0,1538,184,687,922,-87,0.4518883814532392,0.422360248447205,0
2008,BOS,95,67,845,694,1565,173,646,1068.0,1369,147,548,1185,151,0.5891039377726042,0.5864197530864198,1
2008,CHA,89,74,811,729,1458,235,540,1016.0,1471,156,460,1147,82,0.5486128512267021,0.5460122699386503,1
2008,CLE,81,81,805,761,1455,171,560,1213.0,1530,170,444,986,44,0.5256929306829677,0.5,0
2008,DET,74,88,821,857,1529,200,572,1076.0,1541,172,644,991,-36,0.48037655958180114,0.4567901234567901,0
2008,KCA,75,87,691,781,1507,120,392,1005.0,1473,159,515,1085,-90,0.44421900024261035,0.46296296296296297,0
2008,LAA,100,62,765,697,1486,159,481,987.0,1455,160,457,1106,68,0.5424861690011569,0.6172839506172839,1
2008,MIN,88,75,829,745,1572,111,529,979.0,1568,183,406,995,84,0.5487223426690181,0.5398773006134969,1
2008,NYA,89,73,789,727,1512,180,535,1015.0,1478,143,489,1141,62,0.5373718997068373,0.5493827160493827,1
2008,OAK,75,86,646,690,1318,125,574,1226.0,1364,135,576,1061,-44,0.4698908408776968,0.4658385093167702,0
2008,SEA,61,101,671,811,1498,124,417,890.0,1544,161,626,1016,-140,0.4141627475098241,0.3765432098765432,0
2008,TBA,97,65,774,671,1443,180,626,1224.0,1349,166,526,1143,103,0.5649629632995102,0.5987654320987654,1
2008,TEX,79,83,901,967,1619,194,595,1207.0,1647,176,625,963,-66,0.46770287549852463,0.4876543209876543,0
2008,TOR,86,76,714,610,1453,126,521,938.0,1330,134,467,1184,104,0.5715274723326224,0.5308641975308642,1
2008,ARI,82,80,720,706,1355,159,587,1287.0,1403,147,451,1229,14,0.5089824918159174,0.5061728395061729,1
2008,ATL,72,90,753,778,1514,130,618,1023.0,1439,156,586,1076,-25,0.4850619038048101,0.4444444444444444,0
2008,CHN,97,64,855,671,1552,184,636,1186.0,1329,160,548,1264,184,0.6090851146461066,0.6024844720496895,1
2008,CIN,74,88,704,800,1351,187,560,1125.0,1542,201,557,1227,-96,0.4417814943217399,0.4567901234567901,0
2008,COL,74,88,747,822,1462,160,570,1209.0,1547,148,562,1041,-75,0.45634006737851857,0.4567901234567901,0
2008,FLO,84,77,770,767,1397,208,543,1371.0,1421,161,586,1127,3,0.5017859413220395,0.5217391304347826,1
2008,HOU,86,75,712,743,1432,167,449,1051.0,1453,197,492,1095,-31,0.48051208115282956,0.5341614906832298,1
2008,LAN,84,78,700,648,1455,137,543,1032.0,1381,123,480,1205,52,0.5352556562262912,0.5185185185185185,1
2008,MIL,90,72,750,689,1398,198,550,1203.0,1415,175,528,1110,61,0.5387328525511604,0.5555555555555556,1
2008,NYN,89,73,799,715,1491,172,619,1024.0,1415,163,590,1181,84,0.5506441043978298,0.5493827160493827,1
2008,PHI,92,70,799,680,1407,214,586,1117.0,1444,160,533,1081,119,0.5732493028008667,0.5679012345679012,1
2008,PIT,67,95,735,884,1454,153,474,1039.0,1631,176,657,963,-149,0.41634558327496574,0.41358024691358025,0
2008,SDN,63,99,637,764,1390,154,518,1259.0,1466,165,561,1100,-127,0.4175861068838538,0.3888888888888889,0
2008,SFN,72,90,640,759,1452,94,452,1044.0,1416,147,652,1240,-119,0.422607972324254,0.4444444444444444,0
2008,SLN,86,76,779,725,1585,174,577,985.0,1517,163,496,957,54,0.5328192661451935,0.5308641975308642,1
2008,WAS,59,102,641,825,1376,117,534,1095.0,1496,190,588,1063,-184,0.3865570770572374,0.36645962732919257,0
2009,BAL,64,98,741,876,1508,160,517,1013.0,1633,218,546,933,-135,0.4240232999547618,0.3950617283950617,0
2009,BOS,95,67,872,736,1495,212,659,1120.0,1494,167,530,1230,136,0.5769569064869015,0.5864197530864198,1
2009,CHA,79,83,724,732,1410,184,534,1022.0,1438,169,507,1119,-8,0.4949726463064703,0.4876543209876543,0
2009,CLE,65,97,773,865,1468,161,582,1211.0,1570,183,598,986,-92,0.44873469955320777,0.4012345679012346,0
2009,DET,86,77,743,745,1443,183,540,1114.0,1449,182,594,1102,-2,0.49877016302990484,0.5276073619631901,1
2009,KCA,65,97,686,842,1432,144,457,1091.0,1486,166,600,1153,-156,0.4073403123613914,0.4012345679012346,0
2009,LAA,97,65,883,761,1604,173,547,1054.0,1513,180,523,1062,122,0.5676098693851751,0.5987654320987654,1
2009,MIN,87,76,817,765,1539,172,585,1021.0,1542,185,466,1052,52,0.5300504314455546,0.5337423312883436,1
2009,NYA,103,59,915,753,1604,244,663,1014.0,1386,181,574,1260,162,0.5882151244363022,0.6358024691358025,1
2009,OAK,75,87,759,761,1464,135,527,1046.0,1486,156,523,1124,-2,0.49879605426358975,0.46296296296296297,0
2009,SEA,85,77,640,692,1430,160,421,1093.0,1359,172,534,1043,-52,0.4643218560288098,0.5246913580246914,1
2009,TBA,84,78,803,754,1434,199,642,1229.0,1421,183,515,1125,49,0.528773447523238,0.5185185185185185,1
2009,TEX,87,75,784,740,1436,224,472,1253.0,1432,171,531,1016,44,0.5264000922563842,0.5370370370370371,1
2009,TOR,75,87,798,771,1516,209,548,1028.0,1509,181,551,1181,27,0.5157420479063113,0.46296296296296297,0
2009,ARI,70,92,720,782,1408,173,571,1298.0,1470,168,525,1158,-62,0.4622806843975823,0.43209876543209874,0
2009,ATL,86,76,735,641,1459,149,602,1064.0,1399,119,530,1232,94,0.5622796548103925,0.5308641975308642,1
2009,CHN,83,78,707,672,1398,161,592,1185.0,1329,160,586,1272,35,0.523211642627549,0.515527950310559,1
2009,CIN,78,84,673,723,1349,158,531,1129.0,1420,188,577,1069,-50,0.4672606793362237,0.48148148148148145,0
2009,COL,92,70,804,715,1408,190,660,1277.0,1427,141,528,1154,89,0.5534671941177376,0.5679012345679012,1
2009,FLO,87,75,772,766,1493,159,568,1226.0,1425,160,601,1248,6,0.5035695283364782,0.5370370370370371,1
2009,HOU,74,88,643,770,1415,142,448,990.0,1521,176,546,1144,-127,0.4182771703552333,0.4567901234567901,0
2009,LAN,95,67,780,611,1511,145,607,1068.0,1265,127,584,1272,169,0.6098972745876201,0.5864197530864198,1
2009,MIL,80,82,785,818,1447,182,610,1231.0,1498,207,607,1104,-33,0.48116969195341347,0.49382716049382713,0
2009,NYN,70,92,671,757,1472,95,526,928.0,1452,158,616,1031,-86,0.44505102523126927,0.43209876543209874,0
2009,PHI,93,69,820,709,1439,224,589,1155.0,1479,189,489,1153,111,0.5661527314858121,0.5740740740740741,1
2009,PIT,62,99,636,768,1364,125,499,1142.0,1491,152,563,919,-132,0.4145658596904842,0.38509316770186336,0
2009,SDN,75,87,638,769,1315,141,586,1182.0,1422,167,603,1187,-131,0.41538264304915046,0.46296296296296297,0
2009,SFN,88,74,657,611,1411,122,392,1158.0,1268,140,584,1302,46,0.5331598353153243,0.5432098765432098,1
2009,SLN,91,71,730,640,1436,160,528,1041.0,1407,123,460,1049,90,0.5599070257397745,0.5617283950617284,1
2009,WAS,59,103,710,874,1416,156,617,1208.0,1533,173,629,911,-164,0.40605401402930896,0.36419753086419754,0
2010,BAL,66,96,613,785,1440,133,424,1056.0,1508,186,520,1007,-172,0.3887443461257688,0.4074074074074074,0
2010,BOS,89,73,818,744,1511,211,587,1140.0,1402,152,580,1207,74,0.5432722219794123,0.5493827160493827,1
2010,CHA,88,74,752,704,1467,177,467,922.0,1471,136,490,1149,48,0.5301391870751112,0.5432098765432098,1
2010,CLE,69,93,646,752,1362,128,545,1184.0,1477,147,572,967,-106,0.43093328719938356,0.42592592592592593,0
2010,DET,81,81,751,743,1515,152,546,1147.0,1445,142,537,1056,8,0.5048994883984774,0.5,0
2010,KCA,67,95,676,845,1534,121,471,905.0,1553,176,551,1035,-169,0.3993071787485911,0.41358024691358025,0
2010,LAA,80,82,681,702,1363,155,466,1070.0,1422,148,565,1130,-21,0.4861087984075762,0.49382716049382713,0
2010,MIN,94,68,781,671,1521,142,559,967.0,1493,155,383,1048,110,0.5690080093714136,0.5802469135802469,1
2010,NYA,95,67,859,693,1485,201,662,1136.0,1349,179,540,1154,166,0.5969979976239076,0.5864197530864198,1
2010,OAK,81,81,663,626,1396,109,527,1061.0,1315,153,512,1070,37,0.5262476126793855,0.5,0
2010,SEA,61,101,513,698,1274,101,459,1184.0,1402,157,452,973,-185,0.3627296556625884,0.3765432098765432,0
2010,TBA,96,66,802,649,1343,160,672,1292.0,1347,175,478,1189,153,0.5956486690860351,0.5925925925925926,1
2010,TEX,90,72,787,687,1556,162,511,986.0,1355,162,551,1181,100,0.5618530395114693,0.5555555555555556,1
2010,TOR,85,77,755,728,1364,257,471,1164.0,1407,150,539,1184,27,0.5166544773223,0.5246913580246914,1
2010,ARI,65,97,713,836,1366,180,589,1529.0,1503,210,548,1070,-123,0.42770047769735037,0.4012345679012346,0
2010,ATL,91,71,738,629,1411,139,634,1140.0,1326,126,505,1241,109,0.5725975403416169,0.5617283950617284,1
2010,CHN,75,87,685,767,1414,149,479,1236.0,1409,154,605,1268,-82,0.4484551772248063,0.46296296296296297,0
2010,CIN,91,71,790,685,1515,188,522,1218.0,1404,158,524,1130,105,0.5648781202124534,0.5617283950617284,1
2010,COL,83,79,770,717,1452,173,585,1274.0,1405,139,525,1234,53,0.5325802349789748,0.5123456790123457,1
2010,FLO,80,82,719,717,1403,152,514,1375.0,1433,134,549,1168,2,0.5012743713235652,0.49382716049382713,0
2010,HOU,76,86,611,729,1348,108,415,1025.0,1446,140,548,1210,-118,0.41991179450190563,0.4691358024691358,0
2010,LAN,80,82,667,692,1368,120,533,1184.0,1323,134,539,1274,-25,0.48317222921277575,0.49382716049382713,0
2010,MIL,77,85,750,804,1471,182,546,1216.0,1487,173,582,1258,-54,0.4682346666356778,0.47530864197530864,0
2010,NYN,79,83,656,652,1361,128,502,1095.0,1438,135,545,1106,4,0.5027981446487401,0.4876543209876543,0
2010,PHI,97,65,772,640,1451,166,560,1064.0,1402,168,416,1183,132,0.5849566972218249,0.5987654320987654,1
2010,PIT,57,105,587,866,1303,126,463,1207.0,1567,167,538,1026,-279,0.32924231163337947,0.35185185185185186,0
2010,SDN,90,72,665,581,1338,132,538,1183.0,1305,139,517,1295,84,0.5614666217036868,0.5555555555555556,1
2010,SFN,92,70,697,583,1411,162,487,1099.0,1279,134,578,1331,114,0.5809890242060124,0.5679012345679012,1
2010,SLN,86,76,736,641,1456,150,541,1027.0,1412,133,477,1094,95,0.5628919347995567,0.5308641975308642,1
2010,WAS,69,93,655,742,1355,149,503,1220.0,1469,151,512,1068,-87,0.4431897193809566,0.42592592592592593,0
2011,BAL,69,93,708,860,1434,191,452,1120.0,1568,210,535,1044,-152,0.4119491314645974,0.42592592592592593,0
2011,BOS,90,72,875,737,1600,203,578,1108.0,1366,156,540,1213,138,0.5778842123733968,0.5555555555555556,1
2011,CHA,79,83,654,706,1387,154,475,989.0,1463,147,439,1220,-52,0.46505470849695324,0.4876543209876543,0
2011,CLE,80,82,704,760,1380,154,494,1269.0,1482,153,463,1024,-56,0.46504005304409307,0.49382716049382713,0
2011,DET,95,67,787,711,1540,169,521,1143.0,1406,149,492,1115,76,0.5463285180295471,0.5864197530864198,1
2011,KCA,71,91,730,762,1560,129,442,1006.0,1487,163,557,1080,-32,0.4803824009006431,0.4382716049382716,0
2011,LAA,86,76,667,633,1394,155,442,1086.0,1388,142,476,1058,34,0.5239179591632438,0.5308641975308642,1
2011,MIN,63,99,619,804,1357,103,440,1048.0,1564,161,480,940,-185,0.38259835627829464,0.3888888888888889,0
2011,NYA,97,65,867,657,1452,222,627,1138.0,1423,152,507,1222,210,0.6242342075526301,0.5987654320987654,1
2011,OAK,74,88,645,679,1330,114,509,1094.0,1380,136,519,1160,-34,0.4765151473670928,0.4567901234567901,0
2011,SEA,67,95,556,675,1263,109,435,1280.0,1369,145,436,1088,-119,0.4121902695511329,0.41358024691358025,0
2011,TBA,91,71,707,614,1324,172,571,1193.0,1263,161,504,1143,93,0.5641680414535699,0.5617283950617284,1
2011,TEX,96,66,855,677,1599,210,475,930.0,1327,170,461,1179,178,0.6051994228262112,0.5925925925925926,1
2011,TOR,81,81,743,761,1384,186,525,1184.0,1433,179,540,1169,-18,0.48905043011070637,0.5,0
2011,ARI,94,68,731,662,1357,172,531,1249.0,1414,159,442,1058,69,0.5452361335456631,0.5802469135802469,1
2011,ATL,89,73,641,605,1345,173,504,1260.0,1332,125,521,1332,36,0.5264193288058231,0.5493827160493827,1
2011,CHN,71,91,654,756,1423,148,425,1202.0,1439,162,580,1224,-102,0.4340786762429262,0.4382716049382716,0
2011,CIN,79,83,735,720,1438,183,535,1250.0,1414,185,539,1112,15,0.5094322047894554,0.4876543209876543,0
2011,COL,73,89,735,774,1429,163,555,1201.0,1471,176,522,1118,-39,0.4763642503049031,0.4506172839506173,0
2011,FLO,72,90,625,702,1358,149,542,1244.0,1403,149,500,1218,-77,0.44704617488525916,0.4444444444444444,0
2011,HOU,56,106,615,796,1442,95,401,1164.0,1477,188,560,1191,-181,0.3841198522804589,0.345679012345679,0
2011,LAN,82,79,644,612,1395,117,498,1087.0,1287,132,507,1265,32,0.5233002595865661,0.5093167701863354,1
2011,MIL,96,66,721,638,1422,185,481,1083.0,1348,147,440,1257,83,0.5557202436186591,0.5925925925925926,1
2011,NYN,77,85,718,742,1477,108,571,1085.0,1482,147,514,1126,-24,0.4849620857620795,0.47530864197530864,0
2011,PHI,102,60,713,529,1409,153,539,1024.0,1320,120,404,1299,184,0.6332633068541015,0.6296296296296297,1
2011,PIT,72,90,610,712,1325,107,489,1308.0,1513,152,535,1031,-102,0.4297300348291614,0.4444444444444444,0
2011,SDN,71,91,593,611,1284,91,501,1320.0,1324,125,521,1139,-18,0.48632299149125946,0.4382716049382716,0
2011,SFN,86,76,570,578,1327,121,448,1122.0,1260,96,559,1316,-8,0.493623935813534,0.5308641975308642,1
2011,SLN,90,72,762,692,1513,162,542,978.0,1461,136,448,1098,70,0.5439710906678822,0.5555555555555556,1
2011,WAS,80,81,624,643,1319,154,470,1323.0,1403,129,477,1049,-19,0.48628102648120053,0.4968944099378882,0
2012,BAL,93,69,712,705,1375,214,480,1315.0,1433,184,481,1177,7,0.5045200265489479,0.5740740740740741,1
2012,BOS,69,93,734,806,1459,165,428,1197.0,1449,190,529,1176,-72,0.4572938759936842,0.42592592592592593,0
2012,CHA,85,77,748,676,1409,211,461,1203.0,1365,186,503,1246,72,0.5461716152379296,0.5246913580246914,1
2012,CLE,68,94,667,845,1385,136,555,1087.0,1503,174,543,1086,-178,0.39343876603010886,0.41975308641975306,0
2012,DET,88,74,726,670,1467,163,511,1103.0,1409,151,438,1318,56,0.5366586802414101,0.5432098765432098,1
2012,KCA,72,90,676,746,1492,131,404,1032.0,1504,163,542,1177,-70,0.45504311240228346,0.4444444444444444,0
2012,LAA,89,73,767,699,1518,187,449,1113.0,1339,186,483,1157,68,0.5423706354561485,0.5493827160493827,1
2012,MIN,66,96,701,832,1448,131,505,1069.0,1536,198,465,943,-131,0.422254820566014,0.4074074074074074,0
2012,NYA,95,67,804,668,1462,245,565,1176.0,1401,190,431,1318,136,0.583976575747097,0.5864197530864198,1
2012,OAK,94,68,713,614,1315,195,550,1387.0,1360,147,462,1136,99,0.5679667390679154,0.5802469135802469,1
2012,SEA,75,87,619,651,1285,149,466,1259.0,1359,166,449,1166,-32,0.47695633700000056,0.46296296296296297,0
2012,TBA,90,72,697,577,1293,175,571,1323.0,1233,139,469,1383,120,0.5855904586330039,0.5555555555555556,1
2012,TEX,93,69,808,707,1526,200,478,1103.0,1378,175,446,1286,101,0.5607884244424522,0.5740740740740741,1
2012,TOR,73,89,716,784,1346,198,473,1251.0,1439,204,574,1142,-68,0.4585866434954197,0.4506172839506173,0
2012,ARI,81,81,734,688,1416,165,539,1266.0,1432,155,417,1200,46,0.5295749233458158,0.5,0
2012,ATL,94,68,700,600,1341,149,567,1289.0,1310,145,464,1232,100,0.5700599484585009,0.5802469135802469,1
2012,CHN,61,101,613,759,1297,137,447,1235.0,1399,175,573,1128,-146,0.4034873239930905,0.3765432098765432,0
2012,CIN,97,65,669,588,1377,172,481,1266.0,1356,152,427,1248,81,0.5587707044685333,0.5987654320987654,1
2012,COL,64,98,758,890,1526,166,450,1213.0,1637,198,566,1144,-132,0.42707756798767127,0.3950617283950617,0
2012,HOU,55,107,583,794,1276,146,463,1365.0,1493,173,540,1170,-211,0.3623266096953089,0.3395061728395062,0
2012,LAN,86,76,637,597,1369,116,481,1156.0,1277,122,539,1276,40,0.5296352618744355,0.5308641975308642,1
2012,MIA,69,93,609,724,1327,137,484,1228.0,1448,133,495,1113,-115,0.42151900752130245,0.42592592592592593,0
2012,MIL,83,79,776,733,1442,202,466,1240.0,1458,169,525,1402,43,0.5260569917466236,0.5123456790123457,1
2012,NYN,74,88,650,709,1357,139,503,1250.0,1368,161,488,1240,-59,0.46033447877936823,0.4567901234567901,0
2012,PHI,81,81,684,680,1414,158,454,1094.0,1387,178,409,1385,4,0.5026832663899612,0.5,0
2012,PIT,79,83,651,674,1313,170,444,1354.0,1357,153,490,1192,-23,0.48412072744001255,0.4876543209876543,0
2012,SDN,76,86,651,710,1339,121,539,1238.0,1356,162,539,1205,-59,0.4603925961344393,0.4691358024691358,0
2012,SFN,94,68,718,649,1495,103,483,1097.0,1361,142,489,1237,69,0.5460931190103437,0.5802469135802469,1
2012,SLN,88,74,765,648,1526,159,533,1192.0,1420,134,436,1218,117,0.5753596630518094,0.5432098765432098,1
2012,WAS,98,64,731,594,1468,194,479,1325.0,1296,129,497,1325,137,0.5938218439261922,0.6049382716049383,1
